Adjusted for Inflation Title,Format,Metric,Year,Value (Actual),Adjusted for Inflation Flag,Format Value # (Billion),Format Value # (Million),Total Value # (Billion),Total Value # (Million),Total Value For Year,Zero
"Adjusted for Inflation, 2023 Dollars",8 - Track,Value (Adjusted),1973,3355.8," (adjusted for inflation, 2023 dollars)",$3.4B,,$819.6B,,$819604.4B,0
"Adjusted for Inflation, 2023 Dollars",8 - Track,Value (Adjusted),1974,3394.4," (adjusted for inflation, 2023 dollars)",$3.4B,,$819.6B,,$819604.4B,0
"Adjusted for Inflation, 2023 Dollars",8 - Track,Value (Adjusted),1975,3301.9," (adjusted for inflation, 2023 dollars)",$3.3B,,$819.6B,,$819604.4B,0
"Adjusted for Inflation, 2023 Dollars",8 - Track,Value (Adjusted),1976,3631.8," (adjusted for inflation, 2023 dollars)",$3.6B,,$819.6B,,$819604.4B,0
"Adjusted for Inflation, 2023 Dollars",8 - Track,Value (Adjusted),1977,4077.8," (adjusted for inflation, 2023 dollars)",$4.1B,,$819.6B,,$819604.4B,0
"Adjusted for Inflation, 2023 Dollars",8 - Track,Value (Adjusted),1978,4430.3," (adjusted for inflation, 2023 dollars)",$4.4B,,$819.6B,,$819604.4B,0
"Adjusted for Inflation, 2023 Dollars",8 - Track,Value (Adjusted),1979,2872," (adjusted for inflation, 2023 dollars)",$2.9B,,$819.6B,,$819604.4B,0
"Adjusted for Inflation, 2023 Dollars",8 - Track,Value (Adjusted),1980,1948.8," (adjusted for inflation, 2023 dollars)",$1.9B,,$819.6B,,$819604.4B,0
"Adjusted for Inflation, 2023 Dollars",8 - Track,Value (Adjusted),1981,1049.2," (adjusted for inflation, 2023 dollars)",$1.0B,,$819.6B,,$819604.4B,0
"Adjusted for Inflation, 2023 Dollars",8 - Track,Value (Adjusted),1982,113.7," (adjusted for inflation, 2023 dollars)",,$113.7M,$819.6B,,$819604.4B,0
"Adjusted for Inflation, 2023 Dollars",CD,Value (Adjusted),1983,52.6," (adjusted for inflation, 2023 dollars)",,$52.6M,$819.6B,,$819604.4B,0
"Adjusted for Inflation, 2023 Dollars",CD,Value (Adjusted),1984,302.9," (adjusted for inflation, 2023 dollars)",,$302.9M,$819.6B,,$819604.4B,0
"Adjusted for Inflation, 2023 Dollars",CD,Value (Adjusted),1985,1103," (adjusted for inflation, 2023 dollars)",$1.1B,,$819.6B,,$819604.4B,0
"Adjusted for Inflation, 2023 Dollars",CD,Value (Adjusted),1986,2585.8," (adjusted for inflation, 2023 dollars)",$2.6B,,$819.6B,,$819604.4B,0
"Adjusted for Inflation, 2023 Dollars",CD,Value (Adjusted),1987,4274.4," (adjusted for inflation, 2023 dollars)",$4.3B,,$819.6B,,$819604.4B,0
"Adjusted for Inflation, 2023 Dollars",CD,Value (Adjusted),1988,5382.9," (adjusted for inflation, 2023 dollars)",$5.4B,,$819.6B,,$819604.4B,0
"Adjusted for Inflation, 2023 Dollars",CD,Value (Adjusted),1989,6358.7," (adjusted for inflation, 2023 dollars)",$6.4B,,$819.6B,,$819604.4B,0
"Adjusted for Inflation, 2023 Dollars",CD,Value (Adjusted),1990,8046.7," (adjusted for inflation, 2023 dollars)",$8.0B,,$819.6B,,$819604.4B,0
"Adjusted for Inflation, 2023 Dollars",CD,Value (Adjusted),1991,9704.2," (adjusted for inflation, 2023 dollars)",$9.7B,,$819.6B,,$819604.4B,0
"Adjusted for Inflation, 2023 Dollars",CD,Value (Adjusted),1992,11568," (adjusted for inflation, 2023 dollars)",$11.6B,,$819.6B,,$819604.4B,0
"Adjusted for Inflation, 2023 Dollars",CD,Value (Adjusted),1993,13730.4," (adjusted for inflation, 2023 dollars)",$13.7B,,$819.6B,,$819604.4B,0
"Adjusted for Inflation, 2023 Dollars",CD,Value (Adjusted),1994,17403.2," (adjusted for inflation, 2023 dollars)",$17.4B,,$819.6B,,$819604.4B,0
"Adjusted for Inflation, 2023 Dollars",CD,Value (Adjusted),1995,18748.8," (adjusted for inflation, 2023 dollars)",$18.7B,,$819.6B,,$819604.4B,0
"Adjusted for Inflation, 2023 Dollars",CD,Value (Adjusted),1996,19293.3," (adjusted for inflation, 2023 dollars)",$19.3B,,$819.6B,,$819604.4B,0
"Adjusted for Inflation, 2023 Dollars",CD,Value (Adjusted),1997,18823.4," (adjusted for inflation, 2023 dollars)",$18.8B,,$819.6B,,$819604.4B,0
"Adjusted for Inflation, 2023 Dollars",CD,Value (Adjusted),1998,21340.4," (adjusted for inflation, 2023 dollars)",$21.3B,,$819.6B,,$819604.4B,0
"Adjusted for Inflation, 2023 Dollars",CD,Value (Adjusted),1999,23440.3," (adjusted for inflation, 2023 dollars)",$23.4B,,$819.6B,,$819604.4B,0
"Adjusted for Inflation, 2023 Dollars",CD,Value (Adjusted),2000,23382.6," (adjusted for inflation, 2023 dollars)",$23.4B,,$819.6B,,$819604.4B,0
"Adjusted for Inflation, 2023 Dollars",CD,Value (Adjusted),2001,22210.7," (adjusted for inflation, 2023 dollars)",$22.2B,,$819.6B,,$819604.4B,0
"Adjusted for Inflation, 2023 Dollars",CD,Value (Adjusted),2002,20399.5," (adjusted for inflation, 2023 dollars)",$20.4B,,$819.6B,,$819604.4B,0
"Adjusted for Inflation, 2023 Dollars",CD,Value (Adjusted),2003,18601.6," (adjusted for inflation, 2023 dollars)",$18.6B,,$819.6B,,$819604.4B,0
"Adjusted for Inflation, 2023 Dollars",CD,Value (Adjusted),2004,18463.6," (adjusted for inflation, 2023 dollars)",$18.5B,,$819.6B,,$819604.4B,0
"Adjusted for Inflation, 2023 Dollars",CD,Value (Adjusted),2005,16413.3," (adjusted for inflation, 2023 dollars)",$16.4B,,$819.6B,,$819604.4B,0
"Adjusted for Inflation, 2023 Dollars",CD,Value (Adjusted),2006,14165.9," (adjusted for inflation, 2023 dollars)",$14.2B,,$819.6B,,$819604.4B,0
"Adjusted for Inflation, 2023 Dollars",CD,Value (Adjusted),2007,10951.6," (adjusted for inflation, 2023 dollars)",$11.0B,,$819.6B,,$819604.4B,0
"Adjusted for Inflation, 2023 Dollars",CD,Value (Adjusted),2008,7743.1," (adjusted for inflation, 2023 dollars)",$7.7B,,$819.6B,,$819604.4B,0
"Adjusted for Inflation, 2023 Dollars",CD,Value (Adjusted),2009,6133.9," (adjusted for inflation, 2023 dollars)",$6.1B,,$819.6B,,$819604.4B,0
"Adjusted for Inflation, 2023 Dollars",CD,Value (Adjusted),2010,4736.2," (adjusted for inflation, 2023 dollars)",$4.7B,,$819.6B,,$819604.4B,0
"Adjusted for Inflation, 2023 Dollars",CD,Value (Adjusted),2011,4200.2," (adjusted for inflation, 2023 dollars)",$4.2B,,$819.6B,,$819604.4B,0
"Adjusted for Inflation, 2023 Dollars",CD,Value (Adjusted),2012,3298.7," (adjusted for inflation, 2023 dollars)",$3.3B,,$819.6B,,$819604.4B,0
"Adjusted for Inflation, 2023 Dollars",CD,Value (Adjusted),2013,2800.3," (adjusted for inflation, 2023 dollars)",$2.8B,,$819.6B,,$819604.4B,0
"Adjusted for Inflation, 2023 Dollars",CD,Value (Adjusted),2014,2286.2," (adjusted for inflation, 2023 dollars)",$2.3B,,$819.6B,,$819604.4B,0
"Adjusted for Inflation, 2023 Dollars",CD,Value (Adjusted),2015,1857.6," (adjusted for inflation, 2023 dollars)",$1.9B,,$819.6B,,$819604.4B,0
"Adjusted for Inflation, 2023 Dollars",CD,Value (Adjusted),2016,1435.6," (adjusted for inflation, 2023 dollars)",$1.4B,,$819.6B,,$819604.4B,0
"Adjusted for Inflation, 2023 Dollars",CD,Value (Adjusted),2017,1297.7," (adjusted for inflation, 2023 dollars)",$1.3B,,$819.6B,,$819604.4B,0
"Adjusted for Inflation, 2023 Dollars",CD,Value (Adjusted),2018,844.3," (adjusted for inflation, 2023 dollars)",,$844.3M,$819.6B,,$819604.4B,0
"Adjusted for Inflation, 2023 Dollars",CD,Value (Adjusted),2019,758.8," (adjusted for inflation, 2023 dollars)",,$758.8M,$819.6B,,$819604.4B,0
"Adjusted for Inflation, 2023 Dollars",CD,Value (Adjusted),2020,557.9," (adjusted for inflation, 2023 dollars)",,$557.9M,$819.6B,,$819604.4B,0
"Adjusted for Inflation, 2023 Dollars",CD,Value (Adjusted),2021,658.7," (adjusted for inflation, 2023 dollars)",,$658.7M,$819.6B,,$819604.4B,0
"Adjusted for Inflation, 2023 Dollars",CD,Value (Adjusted),2022,502.4," (adjusted for inflation, 2023 dollars)",,$502.4M,$819.6B,,$819604.4B,0
"Adjusted for Inflation, 2023 Dollars",CD,Value (Adjusted),2023,537.1," (adjusted for inflation, 2023 dollars)",,$537.1M,$819.6B,,$819604.4B,0
"Adjusted for Inflation, 2023 Dollars",CD Single,Value (Adjusted),1988,25.2," (adjusted for inflation, 2023 dollars)",,$25.2M,$819.6B,,$819604.4B,0
"Adjusted for Inflation, 2023 Dollars",CD Single,Value (Adjusted),1989,-1.7," (adjusted for inflation, 2023 dollars)",,-$1.7M,$819.6B,,$819604.4B,0
"Adjusted for Inflation, 2023 Dollars",CD Single,Value (Adjusted),1990,14," (adjusted for inflation, 2023 dollars)",,$14.0M,$819.6B,,$819604.4B,0
"Adjusted for Inflation, 2023 Dollars",CD Single,Value (Adjusted),1991,78.5," (adjusted for inflation, 2023 dollars)",,$78.5M,$819.6B,,$819604.4B,0
"Adjusted for Inflation, 2023 Dollars",CD Single,Value (Adjusted),1992,97.9," (adjusted for inflation, 2023 dollars)",,$97.9M,$819.6B,,$819604.4B,0
"Adjusted for Inflation, 2023 Dollars",CD Single,Value (Adjusted),1993,96.6," (adjusted for inflation, 2023 dollars)",,$96.6M,$819.6B,,$819604.4B,0
"Adjusted for Inflation, 2023 Dollars",CD Single,Value (Adjusted),1994,115.3," (adjusted for inflation, 2023 dollars)",,$115.3M,$819.6B,,$819604.4B,0
"Adjusted for Inflation, 2023 Dollars",CD Single,Value (Adjusted),1995,221.7," (adjusted for inflation, 2023 dollars)",,$221.7M,$819.6B,,$819604.4B,0
"Adjusted for Inflation, 2023 Dollars",CD Single,Value (Adjusted),1996,357.5," (adjusted for inflation, 2023 dollars)",,$357.5M,$819.6B,,$819604.4B,0
"Adjusted for Inflation, 2023 Dollars",CD Single,Value (Adjusted),1997,517.7," (adjusted for inflation, 2023 dollars)",,$517.7M,$819.6B,,$819604.4B,0
"Adjusted for Inflation, 2023 Dollars",CD Single,Value (Adjusted),1998,398.5," (adjusted for inflation, 2023 dollars)",,$398.5M,$819.6B,,$819604.4B,0
"Adjusted for Inflation, 2023 Dollars",CD Single,Value (Adjusted),1999,406.8," (adjusted for inflation, 2023 dollars)",,$406.8M,$819.6B,,$819604.4B,0
"Adjusted for Inflation, 2023 Dollars",CD Single,Value (Adjusted),2000,252.5," (adjusted for inflation, 2023 dollars)",,$252.5M,$819.6B,,$819604.4B,0
"Adjusted for Inflation, 2023 Dollars",CD Single,Value (Adjusted),2001,136.6," (adjusted for inflation, 2023 dollars)",,$136.6M,$819.6B,,$819604.4B,0
"Adjusted for Inflation, 2023 Dollars",CD Single,Value (Adjusted),2002,33.2," (adjusted for inflation, 2023 dollars)",,$33.2M,$819.6B,,$819604.4B,0
"Adjusted for Inflation, 2023 Dollars",CD Single,Value (Adjusted),2003,59.6," (adjusted for inflation, 2023 dollars)",,$59.6M,$819.6B,,$819604.4B,0
"Adjusted for Inflation, 2023 Dollars",CD Single,Value (Adjusted),2004,24.2," (adjusted for inflation, 2023 dollars)",,$24.2M,$819.6B,,$819604.4B,0
"Adjusted for Inflation, 2023 Dollars",CD Single,Value (Adjusted),2005,17," (adjusted for inflation, 2023 dollars)",,$17.0M,$819.6B,,$819604.4B,0
"Adjusted for Inflation, 2023 Dollars",CD Single,Value (Adjusted),2006,11.6," (adjusted for inflation, 2023 dollars)",,$11.6M,$819.6B,,$819604.4B,0
"Adjusted for Inflation, 2023 Dollars",CD Single,Value (Adjusted),2007,17.9," (adjusted for inflation, 2023 dollars)",,$17.9M,$819.6B,,$819604.4B,0
"Adjusted for Inflation, 2023 Dollars",CD Single,Value (Adjusted),2008,5," (adjusted for inflation, 2023 dollars)",,$5.0M,$819.6B,,$819604.4B,0
"Adjusted for Inflation, 2023 Dollars",CD Single,Value (Adjusted),2009,4.4," (adjusted for inflation, 2023 dollars)",,$4.4M,$819.6B,,$819604.4B,0
"Adjusted for Inflation, 2023 Dollars",CD Single,Value (Adjusted),2010,4.1," (adjusted for inflation, 2023 dollars)",,$4.1M,$819.6B,,$819604.4B,0
"Adjusted for Inflation, 2023 Dollars",CD Single,Value (Adjusted),2011,4.7," (adjusted for inflation, 2023 dollars)",,$4.7M,$819.6B,,$819604.4B,0
"Adjusted for Inflation, 2023 Dollars",CD Single,Value (Adjusted),2012,4.3," (adjusted for inflation, 2023 dollars)",,$4.3M,$819.6B,,$819604.4B,0
"Adjusted for Inflation, 2023 Dollars",CD Single,Value (Adjusted),2013,3.2," (adjusted for inflation, 2023 dollars)",,$3.2M,$819.6B,,$819604.4B,0
"Adjusted for Inflation, 2023 Dollars",CD Single,Value (Adjusted),2014,4.7," (adjusted for inflation, 2023 dollars)",,$4.7M,$819.6B,,$819604.4B,0
"Adjusted for Inflation, 2023 Dollars",CD Single,Value (Adjusted),2015,1.5," (adjusted for inflation, 2023 dollars)",,$1.5M,$819.6B,,$819604.4B,0
"Adjusted for Inflation, 2023 Dollars",CD Single,Value (Adjusted),2016,0.3," (adjusted for inflation, 2023 dollars)",,$0.3M,$819.6B,,$819604.4B,0
"Adjusted for Inflation, 2023 Dollars",CD Single,Value (Adjusted),2017,0.2," (adjusted for inflation, 2023 dollars)",,$0.2M,$819.6B,,$819604.4B,0
"Adjusted for Inflation, 2023 Dollars",CD Single,Value (Adjusted),2018,0," (adjusted for inflation, 2023 dollars)",,$0.0,$819.6B,,$819604.4B,0
"Adjusted for Inflation, 2023 Dollars",CD Single,Value (Adjusted),2019,0.1," (adjusted for inflation, 2023 dollars)",,$0.1M,$819.6B,,$819604.4B,0
"Adjusted for Inflation, 2023 Dollars",CD Single,Value (Adjusted),2020,0.4," (adjusted for inflation, 2023 dollars)",,$0.4M,$819.6B,,$819604.4B,0
"Adjusted for Inflation, 2023 Dollars",CD Single,Value (Adjusted),2021,0.1," (adjusted for inflation, 2023 dollars)",,$0.1M,$819.6B,,$819604.4B,0
"Adjusted for Inflation, 2023 Dollars",CD Single,Value (Adjusted),2022,7.1," (adjusted for inflation, 2023 dollars)",,$7.1M,$819.6B,,$819604.4B,0
"Adjusted for Inflation, 2023 Dollars",Cassette,Value (Adjusted),1973,521.6," (adjusted for inflation, 2023 dollars)",,$521.6M,$819.6B,,$819604.4B,0
"Adjusted for Inflation, 2023 Dollars",Cassette,Value (Adjusted),1974,538.9," (adjusted for inflation, 2023 dollars)",,$538.9M,$819.6B,,$819604.4B,0
"Adjusted for Inflation, 2023 Dollars",Cassette,Value (Adjusted),1975,559.6," (adjusted for inflation, 2023 dollars)",,$559.6M,$819.6B,,$819604.4B,0
"Adjusted for Inflation, 2023 Dollars",Cassette,Value (Adjusted),1976,780.2," (adjusted for inflation, 2023 dollars)",,$780.2M,$819.6B,,$819604.4B,0
"Adjusted for Inflation, 2023 Dollars",Cassette,Value (Adjusted),1977,1255," (adjusted for inflation, 2023 dollars)",$1.3B,,$819.6B,,$819604.4B,0
"Adjusted for Inflation, 2023 Dollars",Cassette,Value (Adjusted),1978,2102.1," (adjusted for inflation, 2023 dollars)",$2.1B,,$819.6B,,$819604.4B,0
"Adjusted for Inflation, 2023 Dollars",Cassette,Value (Adjusted),1979,2436.8," (adjusted for inflation, 2023 dollars)",$2.4B,,$819.6B,,$819604.4B,0
"Adjusted for Inflation, 2023 Dollars",Cassette,Value (Adjusted),1980,2607," (adjusted for inflation, 2023 dollars)",$2.6B,,$819.6B,,$819604.4B,0
"Adjusted for Inflation, 2023 Dollars",Cassette,Value (Adjusted),1981,3562.6," (adjusted for inflation, 2023 dollars)",$3.6B,,$819.6B,,$819604.4B,0
"Adjusted for Inflation, 2023 Dollars",Cassette,Value (Adjusted),1982,4371.6," (adjusted for inflation, 2023 dollars)",$4.4B,,$819.6B,,$819604.4B,0
"Adjusted for Inflation, 2023 Dollars",Cassette,Value (Adjusted),1983,5540," (adjusted for inflation, 2023 dollars)",$5.5B,,$819.6B,,$819604.4B,0
"Adjusted for Inflation, 2023 Dollars",Cassette,Value (Adjusted),1984,6991.1," (adjusted for inflation, 2023 dollars)",$7.0B,,$819.6B,,$819604.4B,0
"Adjusted for Inflation, 2023 Dollars",Cassette,Value (Adjusted),1985,6828.9," (adjusted for inflation, 2023 dollars)",$6.8B,,$819.6B,,$819604.4B,0
"Adjusted for Inflation, 2023 Dollars",Cassette,Value (Adjusted),1986,6948.9," (adjusted for inflation, 2023 dollars)",$6.9B,,$819.6B,,$819604.4B,0
"Adjusted for Inflation, 2023 Dollars",Cassette,Value (Adjusted),1987,7938.6," (adjusted for inflation, 2023 dollars)",$7.9B,,$819.6B,,$819604.4B,0
"Adjusted for Inflation, 2023 Dollars",Cassette,Value (Adjusted),1988,8718.9," (adjusted for inflation, 2023 dollars)",$8.7B,,$819.6B,,$819604.4B,0
"Adjusted for Inflation, 2023 Dollars",Cassette,Value (Adjusted),1989,8221.5," (adjusted for inflation, 2023 dollars)",$8.2B,,$819.6B,,$819604.4B,0
"Adjusted for Inflation, 2023 Dollars",Cassette,Value (Adjusted),1990,8095.2," (adjusted for inflation, 2023 dollars)",$8.1B,,$819.6B,,$819604.4B,0
"Adjusted for Inflation, 2023 Dollars",Cassette,Value (Adjusted),1991,6755.3," (adjusted for inflation, 2023 dollars)",$6.8B,,$819.6B,,$819604.4B,0
"Adjusted for Inflation, 2023 Dollars",Cassette,Value (Adjusted),1992,6767.9," (adjusted for inflation, 2023 dollars)",$6.8B,,$819.6B,,$819604.4B,0
"Adjusted for Inflation, 2023 Dollars",Cassette,Value (Adjusted),1993,6148.4," (adjusted for inflation, 2023 dollars)",$6.1B,,$819.6B,,$819604.4B,0
"Adjusted for Inflation, 2023 Dollars",Cassette,Value (Adjusted),1994,6119.5," (adjusted for inflation, 2023 dollars)",$6.1B,,$819.6B,,$819604.4B,0
"Adjusted for Inflation, 2023 Dollars",Cassette,Value (Adjusted),1995,4605.7," (adjusted for inflation, 2023 dollars)",$4.6B,,$819.6B,,$819604.4B,0
"Adjusted for Inflation, 2023 Dollars",Cassette,Value (Adjusted),1996,3700.1," (adjusted for inflation, 2023 dollars)",$3.7B,,$819.6B,,$819604.4B,0
"Adjusted for Inflation, 2023 Dollars",Cassette,Value (Adjusted),1997,2890.8," (adjusted for inflation, 2023 dollars)",$2.9B,,$819.6B,,$819604.4B,0
"Adjusted for Inflation, 2023 Dollars",Cassette,Value (Adjusted),1998,2654.3," (adjusted for inflation, 2023 dollars)",$2.7B,,$819.6B,,$819604.4B,0
"Adjusted for Inflation, 2023 Dollars",Cassette,Value (Adjusted),1999,1941.6," (adjusted for inflation, 2023 dollars)",$1.9B,,$819.6B,,$819604.4B,0
"Adjusted for Inflation, 2023 Dollars",Cassette,Value (Adjusted),2000,1107.7," (adjusted for inflation, 2023 dollars)",$1.1B,,$819.6B,,$819604.4B,0
"Adjusted for Inflation, 2023 Dollars",Cassette,Value (Adjusted),2001,625.2," (adjusted for inflation, 2023 dollars)",,$625.2M,$819.6B,,$819604.4B,0
"Adjusted for Inflation, 2023 Dollars",Cassette,Value (Adjusted),2002,355.3," (adjusted for inflation, 2023 dollars)",,$355.3M,$819.6B,,$819604.4B,0
"Adjusted for Inflation, 2023 Dollars",Cassette,Value (Adjusted),2003,179," (adjusted for inflation, 2023 dollars)",,$179.0M,$819.6B,,$819604.4B,0
"Adjusted for Inflation, 2023 Dollars",Cassette,Value (Adjusted),2004,38.2," (adjusted for inflation, 2023 dollars)",,$38.2M,$819.6B,,$819604.4B,0
"Adjusted for Inflation, 2023 Dollars",Cassette,Value (Adjusted),2005,20.4," (adjusted for inflation, 2023 dollars)",,$20.4M,$819.6B,,$819604.4B,0
"Adjusted for Inflation, 2023 Dollars",Cassette,Value (Adjusted),2006,5.6," (adjusted for inflation, 2023 dollars)",,$5.6M,$819.6B,,$819604.4B,0
"Adjusted for Inflation, 2023 Dollars",Cassette,Value (Adjusted),2007,4.4," (adjusted for inflation, 2023 dollars)",,$4.4M,$819.6B,,$819604.4B,0
"Adjusted for Inflation, 2023 Dollars",Cassette,Value (Adjusted),2008,1.3," (adjusted for inflation, 2023 dollars)",,$1.3M,$819.6B,,$819604.4B,0
"Adjusted for Inflation, 2023 Dollars",Cassette Single,Value (Adjusted),1987,38.4," (adjusted for inflation, 2023 dollars)",,$38.4M,$819.6B,,$819604.4B,0
"Adjusted for Inflation, 2023 Dollars",Cassette Single,Value (Adjusted),1988,147.6," (adjusted for inflation, 2023 dollars)",,$147.6M,$819.6B,,$819604.4B,0
"Adjusted for Inflation, 2023 Dollars",Cassette Single,Value (Adjusted),1989,478.2," (adjusted for inflation, 2023 dollars)",,$478.2M,$819.6B,,$819604.4B,0
"Adjusted for Inflation, 2023 Dollars",Cassette Single,Value (Adjusted),1990,601.2," (adjusted for inflation, 2023 dollars)",,$601.2M,$819.6B,,$819604.4B,0
"Adjusted for Inflation, 2023 Dollars",Cassette Single,Value (Adjusted),1991,515.4," (adjusted for inflation, 2023 dollars)",,$515.4M,$819.6B,,$819604.4B,0
"Adjusted for Inflation, 2023 Dollars",Cassette Single,Value (Adjusted),1992,648.9," (adjusted for inflation, 2023 dollars)",,$648.9M,$819.6B,,$819604.4B,0
"Adjusted for Inflation, 2023 Dollars",Cassette Single,Value (Adjusted),1993,629.4," (adjusted for inflation, 2023 dollars)",,$629.4M,$819.6B,,$819604.4B,0
"Adjusted for Inflation, 2023 Dollars",Cassette Single,Value (Adjusted),1994,565.2," (adjusted for inflation, 2023 dollars)",,$565.2M,$819.6B,,$819604.4B,0
"Adjusted for Inflation, 2023 Dollars",Cassette Single,Value (Adjusted),1995,472.4," (adjusted for inflation, 2023 dollars)",,$472.4M,$819.6B,,$819604.4B,0
"Adjusted for Inflation, 2023 Dollars",Cassette Single,Value (Adjusted),1996,367.6," (adjusted for inflation, 2023 dollars)",,$367.6M,$819.6B,,$819604.4B,0
"Adjusted for Inflation, 2023 Dollars",Cassette Single,Value (Adjusted),1997,253.4," (adjusted for inflation, 2023 dollars)",,$253.4M,$819.6B,,$819604.4B,0
"Adjusted for Inflation, 2023 Dollars",Cassette Single,Value (Adjusted),1998,176.5," (adjusted for inflation, 2023 dollars)",,$176.5M,$819.6B,,$819604.4B,0
"Adjusted for Inflation, 2023 Dollars",Cassette Single,Value (Adjusted),1999,87.8," (adjusted for inflation, 2023 dollars)",,$87.8M,$819.6B,,$819604.4B,0
"Adjusted for Inflation, 2023 Dollars",Cassette Single,Value (Adjusted),2000,8.1," (adjusted for inflation, 2023 dollars)",,$8.1M,$819.6B,,$819604.4B,0
"Adjusted for Inflation, 2023 Dollars",Cassette Single,Value (Adjusted),2001,-9.1," (adjusted for inflation, 2023 dollars)",,-$9.1M,$819.6B,,$819604.4B,0
"Adjusted for Inflation, 2023 Dollars",Cassette Single,Value (Adjusted),2002,-2.7," (adjusted for inflation, 2023 dollars)",,-$2.7M,$819.6B,,$819604.4B,0
"Adjusted for Inflation, 2023 Dollars",DVD Audio,Value (Adjusted),2001,10.3," (adjusted for inflation, 2023 dollars)",,$10.3M,$819.6B,,$819604.4B,0
"Adjusted for Inflation, 2023 Dollars",DVD Audio,Value (Adjusted),2002,14.4," (adjusted for inflation, 2023 dollars)",,$14.4M,$819.6B,,$819604.4B,0
"Adjusted for Inflation, 2023 Dollars",DVD Audio,Value (Adjusted),2003,13.2," (adjusted for inflation, 2023 dollars)",,$13.2M,$819.6B,,$819604.4B,0
"Adjusted for Inflation, 2023 Dollars",DVD Audio,Value (Adjusted),2004,10.5," (adjusted for inflation, 2023 dollars)",,$10.5M,$819.6B,,$819604.4B,0
"Adjusted for Inflation, 2023 Dollars",DVD Audio,Value (Adjusted),2005,17.5," (adjusted for inflation, 2023 dollars)",,$17.5M,$819.6B,,$819604.4B,0
"Adjusted for Inflation, 2023 Dollars",DVD Audio,Value (Adjusted),2006,3.6," (adjusted for inflation, 2023 dollars)",,$3.6M,$819.6B,,$819604.4B,0
"Adjusted for Inflation, 2023 Dollars",DVD Audio,Value (Adjusted),2007,4.1," (adjusted for inflation, 2023 dollars)",,$4.1M,$819.6B,,$819604.4B,0
"Adjusted for Inflation, 2023 Dollars",DVD Audio,Value (Adjusted),2008,1.7," (adjusted for inflation, 2023 dollars)",,$1.7M,$819.6B,,$819604.4B,0
"Adjusted for Inflation, 2023 Dollars",DVD Audio,Value (Adjusted),2009,2.3," (adjusted for inflation, 2023 dollars)",,$2.3M,$819.6B,,$819604.4B,0
"Adjusted for Inflation, 2023 Dollars",DVD Audio,Value (Adjusted),2010,1.3," (adjusted for inflation, 2023 dollars)",,$1.3M,$819.6B,,$819604.4B,0
"Adjusted for Inflation, 2023 Dollars",DVD Audio,Value (Adjusted),2011,0.4," (adjusted for inflation, 2023 dollars)",,$0.4M,$819.6B,,$819604.4B,0
"Adjusted for Inflation, 2023 Dollars",DVD Audio,Value (Adjusted),2012,0.2," (adjusted for inflation, 2023 dollars)",,$0.2M,$819.6B,,$819604.4B,0
"Adjusted for Inflation, 2023 Dollars",DVD Audio,Value (Adjusted),2013,-0.6," (adjusted for inflation, 2023 dollars)",,-$0.6M,$819.6B,,$819604.4B,0
"Adjusted for Inflation, 2023 Dollars",DVD Audio,Value (Adjusted),2014,2.8," (adjusted for inflation, 2023 dollars)",,$2.8M,$819.6B,,$819604.4B,0
"Adjusted for Inflation, 2023 Dollars",DVD Audio,Value (Adjusted),2015,7," (adjusted for inflation, 2023 dollars)",,$7.0M,$819.6B,,$819604.4B,0
"Adjusted for Inflation, 2023 Dollars",DVD Audio,Value (Adjusted),2016,3.6," (adjusted for inflation, 2023 dollars)",,$3.6M,$819.6B,,$819604.4B,0
"Adjusted for Inflation, 2023 Dollars",DVD Audio,Value (Adjusted),2017,0.4," (adjusted for inflation, 2023 dollars)",,$0.4M,$819.6B,,$819604.4B,0
"Adjusted for Inflation, 2023 Dollars",DVD Audio,Value (Adjusted),2018,0.4," (adjusted for inflation, 2023 dollars)",,$0.4M,$819.6B,,$819604.4B,0
"Adjusted for Inflation, 2023 Dollars",DVD Audio,Value (Adjusted),2019,1.5," (adjusted for inflation, 2023 dollars)",,$1.5M,$819.6B,,$819604.4B,0
"Adjusted for Inflation, 2023 Dollars",DVD Audio,Value (Adjusted),2020,2.2," (adjusted for inflation, 2023 dollars)",,$2.2M,$819.6B,,$819604.4B,0
"Adjusted for Inflation, 2023 Dollars",DVD Audio,Value (Adjusted),2021,6.5," (adjusted for inflation, 2023 dollars)",,$6.5M,$819.6B,,$819604.4B,0
"Adjusted for Inflation, 2023 Dollars",DVD Audio,Value (Adjusted),2022,0.1," (adjusted for inflation, 2023 dollars)",,$0.1M,$819.6B,,$819604.4B,0
"Adjusted for Inflation, 2023 Dollars",Download Album,Value (Adjusted),2004,73.4," (adjusted for inflation, 2023 dollars)",,$73.4M,$819.6B,,$819604.4B,0
"Adjusted for Inflation, 2023 Dollars",Download Album,Value (Adjusted),2005,211.7," (adjusted for inflation, 2023 dollars)",,$211.7M,$819.6B,,$819604.4B,0
"Adjusted for Inflation, 2023 Dollars",Download Album,Value (Adjusted),2006,417," (adjusted for inflation, 2023 dollars)",,$417.0M,$819.6B,,$819604.4B,0
"Adjusted for Inflation, 2023 Dollars",Download Album,Value (Adjusted),2007,731," (adjusted for inflation, 2023 dollars)",,$731.0M,$819.6B,,$819604.4B,0
"Adjusted for Inflation, 2023 Dollars",Download Album,Value (Adjusted),2008,899.1," (adjusted for inflation, 2023 dollars)",,$899.1M,$819.6B,,$819604.4B,0
"Adjusted for Inflation, 2023 Dollars",Download Album,Value (Adjusted),2009,1057.1," (adjusted for inflation, 2023 dollars)",$1.1B,,$819.6B,,$819604.4B,0
"Adjusted for Inflation, 2023 Dollars",Download Album,Value (Adjusted),2010,1219.1," (adjusted for inflation, 2023 dollars)",$1.2B,,$819.6B,,$819604.4B,0
"Adjusted for Inflation, 2023 Dollars",Download Album,Value (Adjusted),2011,1450.5," (adjusted for inflation, 2023 dollars)",$1.5B,,$819.6B,,$819604.4B,0
"Adjusted for Inflation, 2023 Dollars",Download Album,Value (Adjusted),2012,1599," (adjusted for inflation, 2023 dollars)",$1.6B,,$819.6B,,$819604.4B,0
"Adjusted for Inflation, 2023 Dollars",Download Album,Value (Adjusted),2013,1611.6," (adjusted for inflation, 2023 dollars)",$1.6B,,$819.6B,,$819604.4B,0
"Adjusted for Inflation, 2023 Dollars",Download Album,Value (Adjusted),2014,1438.8," (adjusted for inflation, 2023 dollars)",$1.4B,,$819.6B,,$819604.4B,0
"Adjusted for Inflation, 2023 Dollars",Download Album,Value (Adjusted),2015,1368.4," (adjusted for inflation, 2023 dollars)",$1.4B,,$819.6B,,$819604.4B,0
"Adjusted for Inflation, 2023 Dollars",Download Album,Value (Adjusted),2016,1102.7," (adjusted for inflation, 2023 dollars)",$1.1B,,$819.6B,,$819604.4B,0
"Adjusted for Inflation, 2023 Dollars",Download Album,Value (Adjusted),2017,807.7," (adjusted for inflation, 2023 dollars)",,$807.7M,$819.6B,,$819604.4B,0
"Adjusted for Inflation, 2023 Dollars",Download Album,Value (Adjusted),2018,601," (adjusted for inflation, 2023 dollars)",,$601.0M,$819.6B,,$819604.4B,0
"Adjusted for Inflation, 2023 Dollars",Download Album,Value (Adjusted),2019,439.2," (adjusted for inflation, 2023 dollars)",,$439.2M,$819.6B,,$819604.4B,0
"Adjusted for Inflation, 2023 Dollars",Download Album,Value (Adjusted),2020,375.9," (adjusted for inflation, 2023 dollars)",,$375.9M,$819.6B,,$819604.4B,0
"Adjusted for Inflation, 2023 Dollars",Download Album,Value (Adjusted),2021,341," (adjusted for inflation, 2023 dollars)",,$341.0M,$819.6B,,$819604.4B,0
"Adjusted for Inflation, 2023 Dollars",Download Album,Value (Adjusted),2022,251.8," (adjusted for inflation, 2023 dollars)",,$251.8M,$819.6B,,$819604.4B,0
"Adjusted for Inflation, 2023 Dollars",Download Album,Value (Adjusted),2023,204.7," (adjusted for inflation, 2023 dollars)",,$204.7M,$819.6B,,$819604.4B,0
"Adjusted for Inflation, 2023 Dollars",Download Music Video,Value (Adjusted),2005,5.8," (adjusted for inflation, 2023 dollars)",,$5.8M,$819.6B,,$819604.4B,0
"Adjusted for Inflation, 2023 Dollars",Download Music Video,Value (Adjusted),2006,29.8," (adjusted for inflation, 2023 dollars)",,$29.8M,$819.6B,,$819604.4B,0
"Adjusted for Inflation, 2023 Dollars",Download Music Video,Value (Adjusted),2007,41.4," (adjusted for inflation, 2023 dollars)",,$41.4M,$819.6B,,$819604.4B,0
"Adjusted for Inflation, 2023 Dollars",Download Music Video,Value (Adjusted),2008,58.4," (adjusted for inflation, 2023 dollars)",,$58.4M,$819.6B,,$819604.4B,0
"Adjusted for Inflation, 2023 Dollars",Download Music Video,Value (Adjusted),2009,58.1," (adjusted for inflation, 2023 dollars)",,$58.1M,$819.6B,,$819604.4B,0
"Adjusted for Inflation, 2023 Dollars",Download Music Video,Value (Adjusted),2010,51.1," (adjusted for inflation, 2023 dollars)",,$51.1M,$819.6B,,$819604.4B,0
"Adjusted for Inflation, 2023 Dollars",Download Music Video,Value (Adjusted),2011,43.9," (adjusted for inflation, 2023 dollars)",,$43.9M,$819.6B,,$819604.4B,0
"Adjusted for Inflation, 2023 Dollars",Download Music Video,Value (Adjusted),2012,27.7," (adjusted for inflation, 2023 dollars)",,$27.7M,$819.6B,,$819604.4B,0
"Adjusted for Inflation, 2023 Dollars",Download Music Video,Value (Adjusted),2013,21.9," (adjusted for inflation, 2023 dollars)",,$21.9M,$819.6B,,$819604.4B,0
"Adjusted for Inflation, 2023 Dollars",Download Music Video,Value (Adjusted),2014,17.5," (adjusted for inflation, 2023 dollars)",,$17.5M,$819.6B,,$819604.4B,0
"Adjusted for Inflation, 2023 Dollars",Download Music Video,Value (Adjusted),2015,8.2," (adjusted for inflation, 2023 dollars)",,$8.2M,$819.6B,,$819604.4B,0
"Adjusted for Inflation, 2023 Dollars",Download Music Video,Value (Adjusted),2016,5.4," (adjusted for inflation, 2023 dollars)",,$5.4M,$819.6B,,$819604.4B,0
"Adjusted for Inflation, 2023 Dollars",Download Music Video,Value (Adjusted),2017,3.5," (adjusted for inflation, 2023 dollars)",,$3.5M,$819.6B,,$819604.4B,0
"Adjusted for Inflation, 2023 Dollars",Download Music Video,Value (Adjusted),2018,2.7," (adjusted for inflation, 2023 dollars)",,$2.7M,$819.6B,,$819604.4B,0
"Adjusted for Inflation, 2023 Dollars",Download Music Video,Value (Adjusted),2019,2.2," (adjusted for inflation, 2023 dollars)",,$2.2M,$819.6B,,$819604.4B,0
"Adjusted for Inflation, 2023 Dollars",Download Music Video,Value (Adjusted),2020,2.1," (adjusted for inflation, 2023 dollars)",,$2.1M,$819.6B,,$819604.4B,0
"Adjusted for Inflation, 2023 Dollars",Download Music Video,Value (Adjusted),2021,2.2," (adjusted for inflation, 2023 dollars)",,$2.2M,$819.6B,,$819604.4B,0
"Adjusted for Inflation, 2023 Dollars",Download Music Video,Value (Adjusted),2022,1.4," (adjusted for inflation, 2023 dollars)",,$1.4M,$819.6B,,$819604.4B,0
"Adjusted for Inflation, 2023 Dollars",Download Single,Value (Adjusted),2004,222.6," (adjusted for inflation, 2023 dollars)",,$222.6M,$819.6B,,$819604.4B,0
"Adjusted for Inflation, 2023 Dollars",Download Single,Value (Adjusted),2005,566.8," (adjusted for inflation, 2023 dollars)",,$566.8M,$819.6B,,$819604.4B,0
"Adjusted for Inflation, 2023 Dollars",Download Single,Value (Adjusted),2006,877.5," (adjusted for inflation, 2023 dollars)",,$877.5M,$819.6B,,$819604.4B,0
"Adjusted for Inflation, 2023 Dollars",Download Single,Value (Adjusted),2007,1191.8," (adjusted for inflation, 2023 dollars)",$1.2B,,$819.6B,,$819604.4B,0
"Adjusted for Inflation, 2023 Dollars",Download Single,Value (Adjusted),2008,1460.8," (adjusted for inflation, 2023 dollars)",$1.5B,,$819.6B,,$819604.4B,0
"Adjusted for Inflation, 2023 Dollars",Download Single,Value (Adjusted),2009,1664.6," (adjusted for inflation, 2023 dollars)",$1.7B,,$819.6B,,$819604.4B,0
"Adjusted for Inflation, 2023 Dollars",Download Single,Value (Adjusted),2010,1867.4," (adjusted for inflation, 2023 dollars)",$1.9B,,$819.6B,,$819604.4B,0
"Adjusted for Inflation, 2023 Dollars",Download Single,Value (Adjusted),2011,2062.2," (adjusted for inflation, 2023 dollars)",$2.1B,,$819.6B,,$819604.4B,0
"Adjusted for Inflation, 2023 Dollars",Download Single,Value (Adjusted),2012,2182.6," (adjusted for inflation, 2023 dollars)",$2.2B,,$819.6B,,$819604.4B,0
"Adjusted for Inflation, 2023 Dollars",Download Single,Value (Adjusted),2013,2058," (adjusted for inflation, 2023 dollars)",$2.1B,,$819.6B,,$819604.4B,0
"Adjusted for Inflation, 2023 Dollars",Download Single,Value (Adjusted),2014,1744.4," (adjusted for inflation, 2023 dollars)",$1.7B,,$819.6B,,$819604.4B,0
"Adjusted for Inflation, 2023 Dollars",Download Single,Value (Adjusted),2015,1523.7," (adjusted for inflation, 2023 dollars)",$1.5B,,$819.6B,,$819604.4B,0
"Adjusted for Inflation, 2023 Dollars",Download Single,Value (Adjusted),2016,1142.8," (adjusted for inflation, 2023 dollars)",$1.1B,,$819.6B,,$819604.4B,0
"Adjusted for Inflation, 2023 Dollars",Download Single,Value (Adjusted),2017,830.2," (adjusted for inflation, 2023 dollars)",,$830.2M,$819.6B,,$819604.4B,0
"Adjusted for Inflation, 2023 Dollars",Download Single,Value (Adjusted),2018,594.4," (adjusted for inflation, 2023 dollars)",,$594.4M,$819.6B,,$819604.4B,0
"Adjusted for Inflation, 2023 Dollars",Download Single,Value (Adjusted),2019,480.3," (adjusted for inflation, 2023 dollars)",,$480.3M,$819.6B,,$819604.4B,0
"Adjusted for Inflation, 2023 Dollars",Download Single,Value (Adjusted),2020,365.4," (adjusted for inflation, 2023 dollars)",,$365.4M,$819.6B,,$819604.4B,0
"Adjusted for Inflation, 2023 Dollars",Download Single,Value (Adjusted),2021,302.4," (adjusted for inflation, 2023 dollars)",,$302.4M,$819.6B,,$819604.4B,0
"Adjusted for Inflation, 2023 Dollars",Download Single,Value (Adjusted),2022,223," (adjusted for inflation, 2023 dollars)",,$223.0M,$819.6B,,$819604.4B,0
"Adjusted for Inflation, 2023 Dollars",Download Single,Value (Adjusted),2023,190.8," (adjusted for inflation, 2023 dollars)",,$190.8M,$819.6B,,$819604.4B,0
"Adjusted for Inflation, 2023 Dollars",Kiosk,Value (Adjusted),2005,1.6," (adjusted for inflation, 2023 dollars)",,$1.6M,$819.6B,,$819604.4B,0
"Adjusted for Inflation, 2023 Dollars",Kiosk,Value (Adjusted),2006,2.9," (adjusted for inflation, 2023 dollars)",,$2.9M,$819.6B,,$819604.4B,0
"Adjusted for Inflation, 2023 Dollars",Kiosk,Value (Adjusted),2007,3.8," (adjusted for inflation, 2023 dollars)",,$3.8M,$819.6B,,$819604.4B,0
"Adjusted for Inflation, 2023 Dollars",Kiosk,Value (Adjusted),2008,3.7," (adjusted for inflation, 2023 dollars)",,$3.7M,$819.6B,,$819604.4B,0
"Adjusted for Inflation, 2023 Dollars",Kiosk,Value (Adjusted),2009,8.9," (adjusted for inflation, 2023 dollars)",,$8.9M,$819.6B,,$819604.4B,0
"Adjusted for Inflation, 2023 Dollars",Kiosk,Value (Adjusted),2010,8.9," (adjusted for inflation, 2023 dollars)",,$8.9M,$819.6B,,$819604.4B,0
"Adjusted for Inflation, 2023 Dollars",Kiosk,Value (Adjusted),2011,3.7," (adjusted for inflation, 2023 dollars)",,$3.7M,$819.6B,,$819604.4B,0
"Adjusted for Inflation, 2023 Dollars",Kiosk,Value (Adjusted),2012,4.8," (adjusted for inflation, 2023 dollars)",,$4.8M,$819.6B,,$819604.4B,0
"Adjusted for Inflation, 2023 Dollars",Kiosk,Value (Adjusted),2013,8.1," (adjusted for inflation, 2023 dollars)",,$8.1M,$819.6B,,$819604.4B,0
"Adjusted for Inflation, 2023 Dollars",Kiosk,Value (Adjusted),2014,3.3," (adjusted for inflation, 2023 dollars)",,$3.3M,$819.6B,,$819604.4B,0
"Adjusted for Inflation, 2023 Dollars",Kiosk,Value (Adjusted),2015,4.8," (adjusted for inflation, 2023 dollars)",,$4.8M,$819.6B,,$819604.4B,0
"Adjusted for Inflation, 2023 Dollars",Kiosk,Value (Adjusted),2016,3.7," (adjusted for inflation, 2023 dollars)",,$3.7M,$819.6B,,$819604.4B,0
"Adjusted for Inflation, 2023 Dollars",Kiosk,Value (Adjusted),2017,2.8," (adjusted for inflation, 2023 dollars)",,$2.8M,$819.6B,,$819604.4B,0
"Adjusted for Inflation, 2023 Dollars",Kiosk,Value (Adjusted),2018,2.4," (adjusted for inflation, 2023 dollars)",,$2.4M,$819.6B,,$819604.4B,0
"Adjusted for Inflation, 2023 Dollars",Kiosk,Value (Adjusted),2019,1.9," (adjusted for inflation, 2023 dollars)",,$1.9M,$819.6B,,$819604.4B,0
"Adjusted for Inflation, 2023 Dollars",Kiosk,Value (Adjusted),2020,1.4," (adjusted for inflation, 2023 dollars)",,$1.4M,$819.6B,,$819604.4B,0
"Adjusted for Inflation, 2023 Dollars",Kiosk,Value (Adjusted),2021,0.8," (adjusted for inflation, 2023 dollars)",,$0.8M,$819.6B,,$819604.4B,0
"Adjusted for Inflation, 2023 Dollars",Kiosk,Value (Adjusted),2022,0.4," (adjusted for inflation, 2023 dollars)",,$0.4M,$819.6B,,$819604.4B,0
"Adjusted for Inflation, 2023 Dollars",LP/EP,Value (Adjusted),1973,8550.9," (adjusted for inflation, 2023 dollars)",$8.6B,,$819.6B,,$819604.4B,0
"Adjusted for Inflation, 2023 Dollars",LP/EP,Value (Adjusted),1974,8380.9," (adjusted for inflation, 2023 dollars)",$8.4B,,$819.6B,,$819604.4B,0
"Adjusted for Inflation, 2023 Dollars",LP/EP,Value (Adjusted),1975,8410.5," (adjusted for inflation, 2023 dollars)",$8.4B,,$819.6B,,$819604.4B,0
"Adjusted for Inflation, 2023 Dollars",LP/EP,Value (Adjusted),1976,8905.4," (adjusted for inflation, 2023 dollars)",$8.9B,,$819.6B,,$819604.4B,0
"Adjusted for Inflation, 2023 Dollars",LP/EP,Value (Adjusted),1977,11037.2," (adjusted for inflation, 2023 dollars)",$11.0B,,$819.6B,,$819604.4B,0
"Adjusted for Inflation, 2023 Dollars",LP/EP,Value (Adjusted),1978,11558.6," (adjusted for inflation, 2023 dollars)",$11.6B,,$819.6B,,$819604.4B,0
"Adjusted for Inflation, 2023 Dollars",LP/EP,Value (Adjusted),1979,8633.2," (adjusted for inflation, 2023 dollars)",$8.6B,,$819.6B,,$819604.4B,0
"Adjusted for Inflation, 2023 Dollars",LP/EP,Value (Adjusted),1980,8135.2," (adjusted for inflation, 2023 dollars)",$8.1B,,$819.6B,,$819604.4B,0
"Adjusted for Inflation, 2023 Dollars",LP/EP,Value (Adjusted),1981,7849.5," (adjusted for inflation, 2023 dollars)",$7.8B,,$819.6B,,$819604.4B,0
"Adjusted for Inflation, 2023 Dollars",LP/EP,Value (Adjusted),1982,6078.6," (adjusted for inflation, 2023 dollars)",$6.1B,,$819.6B,,$819604.4B,0
"Adjusted for Inflation, 2023 Dollars",LP/EP,Value (Adjusted),1983,5167.1," (adjusted for inflation, 2023 dollars)",$5.2B,,$819.6B,,$819604.4B,0
"Adjusted for Inflation, 2023 Dollars",LP/EP,Value (Adjusted),1984,4542.1," (adjusted for inflation, 2023 dollars)",$4.5B,,$819.6B,,$819604.4B,0
"Adjusted for Inflation, 2023 Dollars",LP/EP,Value (Adjusted),1985,3626.1," (adjusted for inflation, 2023 dollars)",$3.6B,,$819.6B,,$819604.4B,0
"Adjusted for Inflation, 2023 Dollars",LP/EP,Value (Adjusted),1986,2732.9," (adjusted for inflation, 2023 dollars)",$2.7B,,$819.6B,,$819604.4B,0
"Adjusted for Inflation, 2023 Dollars",LP/EP,Value (Adjusted),1987,2127.3," (adjusted for inflation, 2023 dollars)",$2.1B,,$819.6B,,$819604.4B,0
"Adjusted for Inflation, 2023 Dollars",LP/EP,Value (Adjusted),1988,1370.8," (adjusted for inflation, 2023 dollars)",$1.4B,,$819.6B,,$819604.4B,0
"Adjusted for Inflation, 2023 Dollars",LP/EP,Value (Adjusted),1989,541.3," (adjusted for inflation, 2023 dollars)",,$541.3M,$819.6B,,$819604.4B,0
"Adjusted for Inflation, 2023 Dollars",LP/EP,Value (Adjusted),1990,201.7," (adjusted for inflation, 2023 dollars)",,$201.7M,$819.6B,,$819604.4B,0
"Adjusted for Inflation, 2023 Dollars",LP/EP,Value (Adjusted),1991,65.8," (adjusted for inflation, 2023 dollars)",,$65.8M,$819.6B,,$819604.4B,0
"Adjusted for Inflation, 2023 Dollars",LP/EP,Value (Adjusted),1992,29.3," (adjusted for inflation, 2023 dollars)",,$29.3M,$819.6B,,$819604.4B,0
"Adjusted for Inflation, 2023 Dollars",LP/EP,Value (Adjusted),1993,22.4," (adjusted for inflation, 2023 dollars)",,$22.4M,$819.6B,,$819604.4B,0
"Adjusted for Inflation, 2023 Dollars",LP/EP,Value (Adjusted),1994,36.6," (adjusted for inflation, 2023 dollars)",,$36.6M,$819.6B,,$819604.4B,0
"Adjusted for Inflation, 2023 Dollars",LP/EP,Value (Adjusted),1995,50.2," (adjusted for inflation, 2023 dollars)",,$50.2M,$819.6B,,$819604.4B,0
"Adjusted for Inflation, 2023 Dollars",LP/EP,Value (Adjusted),1996,71.5," (adjusted for inflation, 2023 dollars)",,$71.5M,$819.6B,,$819604.4B,0
"Adjusted for Inflation, 2023 Dollars",LP/EP,Value (Adjusted),1997,63.2," (adjusted for inflation, 2023 dollars)",,$63.2M,$819.6B,,$819604.4B,0
"Adjusted for Inflation, 2023 Dollars",LP/EP,Value (Adjusted),1998,63.6," (adjusted for inflation, 2023 dollars)",,$63.6M,$819.6B,,$819604.4B,0
"Adjusted for Inflation, 2023 Dollars",LP/EP,Value (Adjusted),1999,58.2," (adjusted for inflation, 2023 dollars)",,$58.2M,$819.6B,,$819604.4B,0
"Adjusted for Inflation, 2023 Dollars",LP/EP,Value (Adjusted),2000,49," (adjusted for inflation, 2023 dollars)",,$49.0M,$819.6B,,$819604.4B,0
"Adjusted for Inflation, 2023 Dollars",LP/EP,Value (Adjusted),2001,47.1," (adjusted for inflation, 2023 dollars)",,$47.1M,$819.6B,,$819604.4B,0
"Adjusted for Inflation, 2023 Dollars",LP/EP,Value (Adjusted),2002,34.7," (adjusted for inflation, 2023 dollars)",,$34.7M,$819.6B,,$819604.4B,0
"Adjusted for Inflation, 2023 Dollars",LP/EP,Value (Adjusted),2003,35.9," (adjusted for inflation, 2023 dollars)",,$35.9M,$819.6B,,$819604.4B,0
"Adjusted for Inflation, 2023 Dollars",LP/EP,Value (Adjusted),2004,31.1," (adjusted for inflation, 2023 dollars)",,$31.1M,$819.6B,,$819604.4B,0
"Adjusted for Inflation, 2023 Dollars",LP/EP,Value (Adjusted),2005,22.2," (adjusted for inflation, 2023 dollars)",,$22.2M,$819.6B,,$819604.4B,0
"Adjusted for Inflation, 2023 Dollars",LP/EP,Value (Adjusted),2006,23.7," (adjusted for inflation, 2023 dollars)",,$23.7M,$819.6B,,$819604.4B,0
"Adjusted for Inflation, 2023 Dollars",LP/EP,Value (Adjusted),2007,33.7," (adjusted for inflation, 2023 dollars)",,$33.7M,$819.6B,,$819604.4B,0
"Adjusted for Inflation, 2023 Dollars",LP/EP,Value (Adjusted),2008,80.2," (adjusted for inflation, 2023 dollars)",,$80.2M,$819.6B,,$819604.4B,0
"Adjusted for Inflation, 2023 Dollars",LP/EP,Value (Adjusted),2009,90.6," (adjusted for inflation, 2023 dollars)",,$90.6M,$819.6B,,$819604.4B,0
"Adjusted for Inflation, 2023 Dollars",LP/EP,Value (Adjusted),2010,124.2," (adjusted for inflation, 2023 dollars)",,$124.2M,$819.6B,,$819604.4B,0
"Adjusted for Inflation, 2023 Dollars",LP/EP,Value (Adjusted),2011,161.7," (adjusted for inflation, 2023 dollars)",,$161.7M,$819.6B,,$819604.4B,0
"Adjusted for Inflation, 2023 Dollars",LP/EP,Value (Adjusted),2012,213.3," (adjusted for inflation, 2023 dollars)",,$213.3M,$819.6B,,$819604.4B,0
"Adjusted for Inflation, 2023 Dollars",LP/EP,Value (Adjusted),2013,275.6," (adjusted for inflation, 2023 dollars)",,$275.6M,$819.6B,,$819604.4B,0
"Adjusted for Inflation, 2023 Dollars",LP/EP,Value (Adjusted),2014,313.9," (adjusted for inflation, 2023 dollars)",,$313.9M,$819.6B,,$819604.4B,0
"Adjusted for Inflation, 2023 Dollars",LP/EP,Value (Adjusted),2015,428.6," (adjusted for inflation, 2023 dollars)",,$428.6M,$819.6B,,$819604.4B,0
"Adjusted for Inflation, 2023 Dollars",LP/EP,Value (Adjusted),2016,451.2," (adjusted for inflation, 2023 dollars)",,$451.2M,$819.6B,,$819604.4B,0
"Adjusted for Inflation, 2023 Dollars",LP/EP,Value (Adjusted),2017,482.9," (adjusted for inflation, 2023 dollars)",,$482.9M,$819.6B,,$819604.4B,0
"Adjusted for Inflation, 2023 Dollars",LP/EP,Value (Adjusted),2018,508.7," (adjusted for inflation, 2023 dollars)",,$508.7M,$819.6B,,$819604.4B,0
"Adjusted for Inflation, 2023 Dollars",LP/EP,Value (Adjusted),2019,614.4," (adjusted for inflation, 2023 dollars)",,$614.4M,$819.6B,,$819604.4B,0
"Adjusted for Inflation, 2023 Dollars",LP/EP,Value (Adjusted),2020,819.8," (adjusted for inflation, 2023 dollars)",,$819.8M,$819.6B,,$819604.4B,0
"Adjusted for Inflation, 2023 Dollars",LP/EP,Value (Adjusted),2021,1221.5," (adjusted for inflation, 2023 dollars)",$1.2B,,$819.6B,,$819604.4B,0
"Adjusted for Inflation, 2023 Dollars",LP/EP,Value (Adjusted),2022,1274.8," (adjusted for inflation, 2023 dollars)",$1.3B,,$819.6B,,$819604.4B,0
"Adjusted for Inflation, 2023 Dollars",LP/EP,Value (Adjusted),2023,1350.2," (adjusted for inflation, 2023 dollars)",$1.4B,,$819.6B,,$819604.4B,0
"Adjusted for Inflation, 2023 Dollars",Limited Tier Paid Subscription,Value (Adjusted),2016,326.6," (adjusted for inflation, 2023 dollars)",,$326.6M,$819.6B,,$819604.4B,0
"Adjusted for Inflation, 2023 Dollars",Limited Tier Paid Subscription,Value (Adjusted),2017,707," (adjusted for inflation, 2023 dollars)",,$707.0M,$819.6B,,$819604.4B,0
"Adjusted for Inflation, 2023 Dollars",Limited Tier Paid Subscription,Value (Adjusted),2018,898.6," (adjusted for inflation, 2023 dollars)",,$898.6M,$819.6B,,$819604.4B,0
"Adjusted for Inflation, 2023 Dollars",Limited Tier Paid Subscription,Value (Adjusted),2019,755.8," (adjusted for inflation, 2023 dollars)",,$755.8M,$819.6B,,$819604.4B,0
"Adjusted for Inflation, 2023 Dollars",Limited Tier Paid Subscription,Value (Adjusted),2020,845.2," (adjusted for inflation, 2023 dollars)",,$845.2M,$819.6B,,$819604.4B,0
"Adjusted for Inflation, 2023 Dollars",Limited Tier Paid Subscription,Value (Adjusted),2021,1008.7," (adjusted for inflation, 2023 dollars)",$1.0B,,$819.6B,,$819604.4B,0
"Adjusted for Inflation, 2023 Dollars",Limited Tier Paid Subscription,Value (Adjusted),2022,1106.8," (adjusted for inflation, 2023 dollars)",$1.1B,,$819.6B,,$819604.4B,0
"Adjusted for Inflation, 2023 Dollars",Limited Tier Paid Subscription,Value (Adjusted),2023,1021.4," (adjusted for inflation, 2023 dollars)",$1.0B,,$819.6B,,$819604.4B,0
"Adjusted for Inflation, 2023 Dollars",Music Video (Physical),Value (Adjusted),1989,283.6," (adjusted for inflation, 2023 dollars)",,$283.6M,$819.6B,,$819604.4B,0
"Adjusted for Inflation, 2023 Dollars",Music Video (Physical),Value (Adjusted),1990,401.7," (adjusted for inflation, 2023 dollars)",,$401.7M,$819.6B,,$819604.4B,0
"Adjusted for Inflation, 2023 Dollars",Music Video (Physical),Value (Adjusted),1991,264.2," (adjusted for inflation, 2023 dollars)",,$264.2M,$819.6B,,$819604.4B,0
"Adjusted for Inflation, 2023 Dollars",Music Video (Physical),Value (Adjusted),1992,341.8," (adjusted for inflation, 2023 dollars)",,$341.8M,$819.6B,,$819604.4B,0
"Adjusted for Inflation, 2023 Dollars",Music Video (Physical),Value (Adjusted),1993,449.8," (adjusted for inflation, 2023 dollars)",,$449.8M,$819.6B,,$819604.4B,0
"Adjusted for Inflation, 2023 Dollars",Music Video (Physical),Value (Adjusted),1994,475.1," (adjusted for inflation, 2023 dollars)",,$475.1M,$819.6B,,$819604.4B,0
"Adjusted for Inflation, 2023 Dollars",Music Video (Physical),Value (Adjusted),1995,440.5," (adjusted for inflation, 2023 dollars)",,$440.5M,$819.6B,,$819604.4B,0
"Adjusted for Inflation, 2023 Dollars",Music Video (Physical),Value (Adjusted),1996,458.5," (adjusted for inflation, 2023 dollars)",,$458.5M,$819.6B,,$819604.4B,0
"Adjusted for Inflation, 2023 Dollars",Music Video (Physical),Value (Adjusted),1997,614.9," (adjusted for inflation, 2023 dollars)",,$614.9M,$819.6B,,$819604.4B,0
"Adjusted for Inflation, 2023 Dollars",Music Video (Physical),Value (Adjusted),1998,949.6," (adjusted for inflation, 2023 dollars)",,$949.6M,$819.6B,,$819604.4B,0
"Adjusted for Inflation, 2023 Dollars",Music Video (Physical),Value (Adjusted),1999,689," (adjusted for inflation, 2023 dollars)",,$689.0M,$819.6B,,$819604.4B,0
"Adjusted for Inflation, 2023 Dollars",Music Video (Physical),Value (Adjusted),2000,498.8," (adjusted for inflation, 2023 dollars)",,$498.8M,$819.6B,,$819604.4B,0
"Adjusted for Inflation, 2023 Dollars",Music Video (Physical),Value (Adjusted),2001,566.4," (adjusted for inflation, 2023 dollars)",,$566.4M,$819.6B,,$819604.4B,0
"Adjusted for Inflation, 2023 Dollars",Music Video (Physical),Value (Adjusted),2002,488.5," (adjusted for inflation, 2023 dollars)",,$488.5M,$819.6B,,$819604.4B,0
"Adjusted for Inflation, 2023 Dollars",Music Video (Physical),Value (Adjusted),2003,662.2," (adjusted for inflation, 2023 dollars)",,$662.2M,$819.6B,,$819604.4B,0
"Adjusted for Inflation, 2023 Dollars",Music Video (Physical),Value (Adjusted),2004,979.4," (adjusted for inflation, 2023 dollars)",,$979.4M,$819.6B,,$819604.4B,0
"Adjusted for Inflation, 2023 Dollars",Music Video (Physical),Value (Adjusted),2005,939.5," (adjusted for inflation, 2023 dollars)",,$939.5M,$819.6B,,$819604.4B,0
"Adjusted for Inflation, 2023 Dollars",Music Video (Physical),Value (Adjusted),2006,681.8," (adjusted for inflation, 2023 dollars)",,$681.8M,$819.6B,,$819604.4B,0
"Adjusted for Inflation, 2023 Dollars",Music Video (Physical),Value (Adjusted),2007,712.6," (adjusted for inflation, 2023 dollars)",,$712.6M,$819.6B,,$819604.4B,0
"Adjusted for Inflation, 2023 Dollars",Music Video (Physical),Value (Adjusted),2008,321.7," (adjusted for inflation, 2023 dollars)",,$321.7M,$819.6B,,$819604.4B,0
"Adjusted for Inflation, 2023 Dollars",Music Video (Physical),Value (Adjusted),2009,297.7," (adjusted for inflation, 2023 dollars)",,$297.7M,$819.6B,,$819604.4B,0
"Adjusted for Inflation, 2023 Dollars",Music Video (Physical),Value (Adjusted),2010,248.2," (adjusted for inflation, 2023 dollars)",,$248.2M,$819.6B,,$819604.4B,0
"Adjusted for Inflation, 2023 Dollars",Music Video (Physical),Value (Adjusted),2011,204.5," (adjusted for inflation, 2023 dollars)",,$204.5M,$819.6B,,$819604.4B,0
"Adjusted for Inflation, 2023 Dollars",Music Video (Physical),Value (Adjusted),2012,154.8," (adjusted for inflation, 2023 dollars)",,$154.8M,$819.6B,,$819604.4B,0
"Adjusted for Inflation, 2023 Dollars",Music Video (Physical),Value (Adjusted),2013,139," (adjusted for inflation, 2023 dollars)",,$139.0M,$819.6B,,$819604.4B,0
"Adjusted for Inflation, 2023 Dollars",Music Video (Physical),Value (Adjusted),2014,115.5," (adjusted for inflation, 2023 dollars)",,$115.5M,$819.6B,,$819604.4B,0
"Adjusted for Inflation, 2023 Dollars",Music Video (Physical),Value (Adjusted),2015,90.5," (adjusted for inflation, 2023 dollars)",,$90.5M,$819.6B,,$819604.4B,0
"Adjusted for Inflation, 2023 Dollars",Music Video (Physical),Value (Adjusted),2016,72.3," (adjusted for inflation, 2023 dollars)",,$72.3M,$819.6B,,$819604.4B,0
"Adjusted for Inflation, 2023 Dollars",Music Video (Physical),Value (Adjusted),2017,46.6," (adjusted for inflation, 2023 dollars)",,$46.6M,$819.6B,,$819604.4B,0
"Adjusted for Inflation, 2023 Dollars",Music Video (Physical),Value (Adjusted),2018,34.5," (adjusted for inflation, 2023 dollars)",,$34.5M,$819.6B,,$819604.4B,0
"Adjusted for Inflation, 2023 Dollars",Music Video (Physical),Value (Adjusted),2019,31.7," (adjusted for inflation, 2023 dollars)",,$31.7M,$819.6B,,$819604.4B,0
"Adjusted for Inflation, 2023 Dollars",Music Video (Physical),Value (Adjusted),2020,32.3," (adjusted for inflation, 2023 dollars)",,$32.3M,$819.6B,,$819604.4B,0
"Adjusted for Inflation, 2023 Dollars",Music Video (Physical),Value (Adjusted),2021,22.4," (adjusted for inflation, 2023 dollars)",,$22.4M,$819.6B,,$819604.4B,0
"Adjusted for Inflation, 2023 Dollars",Music Video (Physical),Value (Adjusted),2022,11.8," (adjusted for inflation, 2023 dollars)",,$11.8M,$819.6B,,$819604.4B,0
"Adjusted for Inflation, 2023 Dollars",Music Video (Physical),Value (Adjusted),2023,10.7," (adjusted for inflation, 2023 dollars)",,$10.7M,$819.6B,,$819604.4B,0
"Adjusted for Inflation, 2023 Dollars",On-Demand Streaming (Ad-Supported),Value (Adjusted),2011,154.2," (adjusted for inflation, 2023 dollars)",,$154.2M,$819.6B,,$819604.4B,0
"Adjusted for Inflation, 2023 Dollars",On-Demand Streaming (Ad-Supported),Value (Adjusted),2012,226.9," (adjusted for inflation, 2023 dollars)",,$226.9M,$819.6B,,$819604.4B,0
"Adjusted for Inflation, 2023 Dollars",On-Demand Streaming (Ad-Supported),Value (Adjusted),2013,288.9," (adjusted for inflation, 2023 dollars)",,$288.9M,$819.6B,,$819604.4B,0
"Adjusted for Inflation, 2023 Dollars",On-Demand Streaming (Ad-Supported),Value (Adjusted),2014,365.3," (adjusted for inflation, 2023 dollars)",,$365.3M,$819.6B,,$819604.4B,0
"Adjusted for Inflation, 2023 Dollars",On-Demand Streaming (Ad-Supported),Value (Adjusted),2015,478.2," (adjusted for inflation, 2023 dollars)",,$478.2M,$819.6B,,$819604.4B,0
"Adjusted for Inflation, 2023 Dollars",On-Demand Streaming (Ad-Supported),Value (Adjusted),2016,605.3," (adjusted for inflation, 2023 dollars)",,$605.3M,$819.6B,,$819604.4B,0
"Adjusted for Inflation, 2023 Dollars",On-Demand Streaming (Ad-Supported),Value (Adjusted),2017,763.6," (adjusted for inflation, 2023 dollars)",,$763.6M,$819.6B,,$819604.4B,0
"Adjusted for Inflation, 2023 Dollars",On-Demand Streaming (Ad-Supported),Value (Adjusted),2018,913.3," (adjusted for inflation, 2023 dollars)",,$913.3M,$819.6B,,$819604.4B,0
"Adjusted for Inflation, 2023 Dollars",On-Demand Streaming (Ad-Supported),Value (Adjusted),2019,1199.7," (adjusted for inflation, 2023 dollars)",$1.2B,,$819.6B,,$819604.4B,0
"Adjusted for Inflation, 2023 Dollars",On-Demand Streaming (Ad-Supported),Value (Adjusted),2020,1408.8," (adjusted for inflation, 2023 dollars)",$1.4B,,$819.6B,,$819604.4B,0
"Adjusted for Inflation, 2023 Dollars",On-Demand Streaming (Ad-Supported),Value (Adjusted),2021,1949.2," (adjusted for inflation, 2023 dollars)",$1.9B,,$819.6B,,$819604.4B,0
"Adjusted for Inflation, 2023 Dollars",On-Demand Streaming (Ad-Supported),Value (Adjusted),2022,1897.1," (adjusted for inflation, 2023 dollars)",$1.9B,,$819.6B,,$819604.4B,0
"Adjusted for Inflation, 2023 Dollars",On-Demand Streaming (Ad-Supported),Value (Adjusted),2023,1864.5," (adjusted for inflation, 2023 dollars)",$1.9B,,$819.6B,,$819604.4B,0
"Adjusted for Inflation, 2023 Dollars",Other Ad-Supported Streaming,Value (Adjusted),2016,89.7," (adjusted for inflation, 2023 dollars)",,$89.7M,$819.6B,,$819604.4B,0
"Adjusted for Inflation, 2023 Dollars",Other Ad-Supported Streaming,Value (Adjusted),2017,278.4," (adjusted for inflation, 2023 dollars)",,$278.4M,$819.6B,,$819604.4B,0
"Adjusted for Inflation, 2023 Dollars",Other Ad-Supported Streaming,Value (Adjusted),2018,252.6," (adjusted for inflation, 2023 dollars)",,$252.6M,$819.6B,,$819604.4B,0
"Adjusted for Inflation, 2023 Dollars",Other Ad-Supported Streaming,Value (Adjusted),2019,247.1," (adjusted for inflation, 2023 dollars)",,$247.1M,$819.6B,,$819604.4B,0
"Adjusted for Inflation, 2023 Dollars",Other Ad-Supported Streaming,Value (Adjusted),2020,248.7," (adjusted for inflation, 2023 dollars)",,$248.7M,$819.6B,,$819604.4B,0
"Adjusted for Inflation, 2023 Dollars",Other Ad-Supported Streaming,Value (Adjusted),2021,228.8," (adjusted for inflation, 2023 dollars)",,$228.8M,$819.6B,,$819604.4B,0
"Adjusted for Inflation, 2023 Dollars",Other Ad-Supported Streaming,Value (Adjusted),2022,272.2," (adjusted for inflation, 2023 dollars)",,$272.2M,$819.6B,,$819604.4B,0
"Adjusted for Inflation, 2023 Dollars",Other Ad-Supported Streaming,Value (Adjusted),2023,317.7," (adjusted for inflation, 2023 dollars)",,$317.7M,$819.6B,,$819604.4B,0
"Adjusted for Inflation, 2023 Dollars",Other Digital,Value (Adjusted),2016,21.8," (adjusted for inflation, 2023 dollars)",,$21.8M,$819.6B,,$819604.4B,0
"Adjusted for Inflation, 2023 Dollars",Other Digital,Value (Adjusted),2017,21," (adjusted for inflation, 2023 dollars)",,$21.0M,$819.6B,,$819604.4B,0
"Adjusted for Inflation, 2023 Dollars",Other Digital,Value (Adjusted),2018,24.1," (adjusted for inflation, 2023 dollars)",,$24.1M,$819.6B,,$819604.4B,0
"Adjusted for Inflation, 2023 Dollars",Other Digital,Value (Adjusted),2019,25.6," (adjusted for inflation, 2023 dollars)",,$25.6M,$819.6B,,$819604.4B,0
"Adjusted for Inflation, 2023 Dollars",Other Digital,Value (Adjusted),2020,22.2," (adjusted for inflation, 2023 dollars)",,$22.2M,$819.6B,,$819604.4B,0
"Adjusted for Inflation, 2023 Dollars",Other Digital,Value (Adjusted),2021,35," (adjusted for inflation, 2023 dollars)",,$35.0M,$819.6B,,$819604.4B,0
"Adjusted for Inflation, 2023 Dollars",Other Digital,Value (Adjusted),2022,27," (adjusted for inflation, 2023 dollars)",,$27.0M,$819.6B,,$819604.4B,0
"Adjusted for Inflation, 2023 Dollars",Other Digital,Value (Adjusted),2023,28.1," (adjusted for inflation, 2023 dollars)",,$28.1M,$819.6B,,$819604.4B,0
"Adjusted for Inflation, 2023 Dollars",Other Physical,Value (Adjusted),2023,5.7," (adjusted for inflation, 2023 dollars)",,$5.7M,$819.6B,,$819604.4B,0
"Adjusted for Inflation, 2023 Dollars",Other Tapes,Value (Adjusted),1973,107.1," (adjusted for inflation, 2023 dollars)",,$107.1M,$819.6B,,$819604.4B,0
"Adjusted for Inflation, 2023 Dollars",Other Tapes,Value (Adjusted),1974,82.2," (adjusted for inflation, 2023 dollars)",,$82.2M,$819.6B,,$819604.4B,0
"Adjusted for Inflation, 2023 Dollars",Other Tapes,Value (Adjusted),1975,57.8," (adjusted for inflation, 2023 dollars)",,$57.8M,$819.6B,,$819604.4B,0
"Adjusted for Inflation, 2023 Dollars",Other Tapes,Value (Adjusted),1976,27.3," (adjusted for inflation, 2023 dollars)",,$27.3M,$819.6B,,$819604.4B,0
"Adjusted for Inflation, 2023 Dollars",Paid Subscription,Value (Adjusted),2005,232.8," (adjusted for inflation, 2023 dollars)",,$232.8M,$819.6B,,$819604.4B,0
"Adjusted for Inflation, 2023 Dollars",Paid Subscription,Value (Adjusted),2006,311.7," (adjusted for inflation, 2023 dollars)",,$311.7M,$819.6B,,$819604.4B,0
"Adjusted for Inflation, 2023 Dollars",Paid Subscription,Value (Adjusted),2007,343.9," (adjusted for inflation, 2023 dollars)",,$343.9M,$819.6B,,$819604.4B,0
"Adjusted for Inflation, 2023 Dollars",Paid Subscription,Value (Adjusted),2008,313.3," (adjusted for inflation, 2023 dollars)",,$313.3M,$819.6B,,$819604.4B,0
"Adjusted for Inflation, 2023 Dollars",Paid Subscription,Value (Adjusted),2009,292.9," (adjusted for inflation, 2023 dollars)",,$292.9M,$819.6B,,$819604.4B,0
"Adjusted for Inflation, 2023 Dollars",Paid Subscription,Value (Adjusted),2010,296.8," (adjusted for inflation, 2023 dollars)",,$296.8M,$819.6B,,$819604.4B,0
"Adjusted for Inflation, 2023 Dollars",Paid Subscription,Value (Adjusted),2011,335.7," (adjusted for inflation, 2023 dollars)",,$335.7M,$819.6B,,$819604.4B,0
"Adjusted for Inflation, 2023 Dollars",Paid Subscription,Value (Adjusted),2012,530.7," (adjusted for inflation, 2023 dollars)",,$530.7M,$819.6B,,$819604.4B,0
"Adjusted for Inflation, 2023 Dollars",Paid Subscription,Value (Adjusted),2013,841.5," (adjusted for inflation, 2023 dollars)",,$841.5M,$819.6B,,$819604.4B,0
"Adjusted for Inflation, 2023 Dollars",Paid Subscription,Value (Adjusted),2014,991.4," (adjusted for inflation, 2023 dollars)",,$991.4M,$819.6B,,$819604.4B,0
"Adjusted for Inflation, 2023 Dollars",Paid Subscription,Value (Adjusted),2015,1487," (adjusted for inflation, 2023 dollars)",$1.5B,,$819.6B,,$819604.4B,0
"Adjusted for Inflation, 2023 Dollars",Paid Subscription,Value (Adjusted),2016,2775.8," (adjusted for inflation, 2023 dollars)",$2.8B,,$819.6B,,$819604.4B,0
"Adjusted for Inflation, 2023 Dollars",Paid Subscription,Value (Adjusted),2017,4176.4," (adjusted for inflation, 2023 dollars)",$4.2B,,$819.6B,,$819604.4B,0
"Adjusted for Inflation, 2023 Dollars",Paid Subscription,Value (Adjusted),2018,5598.8," (adjusted for inflation, 2023 dollars)",$5.6B,,$819.6B,,$819604.4B,0
"Adjusted for Inflation, 2023 Dollars",Paid Subscription,Value (Adjusted),2019,7239.9," (adjusted for inflation, 2023 dollars)",$7.2B,,$819.6B,,$819604.4B,0
"Adjusted for Inflation, 2023 Dollars",Paid Subscription,Value (Adjusted),2020,8184.8," (adjusted for inflation, 2023 dollars)",$8.2B,,$819.6B,,$819604.4B,0
"Adjusted for Inflation, 2023 Dollars",Paid Subscription,Value (Adjusted),2021,9628.8," (adjusted for inflation, 2023 dollars)",$9.6B,,$819.6B,,$819604.4B,0
"Adjusted for Inflation, 2023 Dollars",Paid Subscription,Value (Adjusted),2022,9556.9," (adjusted for inflation, 2023 dollars)",$9.6B,,$819.6B,,$819604.4B,0
"Adjusted for Inflation, 2023 Dollars",Paid Subscription,Value (Adjusted),2023,10149.7," (adjusted for inflation, 2023 dollars)",$10.1B,,$819.6B,,$819604.4B,0
"Adjusted for Inflation, 2023 Dollars",Ringtones & Ringbacks,Value (Adjusted),2005,657.8," (adjusted for inflation, 2023 dollars)",,$657.8M,$819.6B,,$819604.4B,0
"Adjusted for Inflation, 2023 Dollars",Ringtones & Ringbacks,Value (Adjusted),2006,1169.5," (adjusted for inflation, 2023 dollars)",$1.2B,,$819.6B,,$819604.4B,0
"Adjusted for Inflation, 2023 Dollars",Ringtones & Ringbacks,Value (Adjusted),2007,1551.6," (adjusted for inflation, 2023 dollars)",$1.6B,,$819.6B,,$819604.4B,0
"Adjusted for Inflation, 2023 Dollars",Ringtones & Ringbacks,Value (Adjusted),2008,1382.8," (adjusted for inflation, 2023 dollars)",$1.4B,,$819.6B,,$819604.4B,0
"Adjusted for Inflation, 2023 Dollars",Ringtones & Ringbacks,Value (Adjusted),2009,998.2," (adjusted for inflation, 2023 dollars)",,$998.2M,$819.6B,,$819604.4B,0
"Adjusted for Inflation, 2023 Dollars",Ringtones & Ringbacks,Value (Adjusted),2010,626," (adjusted for inflation, 2023 dollars)",,$626.0M,$819.6B,,$819604.4B,0
"Adjusted for Inflation, 2023 Dollars",Ringtones & Ringbacks,Value (Adjusted),2011,374.1," (adjusted for inflation, 2023 dollars)",,$374.1M,$819.6B,,$819604.4B,0
"Adjusted for Inflation, 2023 Dollars",Ringtones & Ringbacks,Value (Adjusted),2012,193.8," (adjusted for inflation, 2023 dollars)",,$193.8M,$819.6B,,$819604.4B,0
"Adjusted for Inflation, 2023 Dollars",Ringtones & Ringbacks,Value (Adjusted),2013,128.2," (adjusted for inflation, 2023 dollars)",,$128.2M,$819.6B,,$819604.4B,0
"Adjusted for Inflation, 2023 Dollars",Ringtones & Ringbacks,Value (Adjusted),2014,85.3," (adjusted for inflation, 2023 dollars)",,$85.3M,$819.6B,,$819604.4B,0
"Adjusted for Inflation, 2023 Dollars",Ringtones & Ringbacks,Value (Adjusted),2015,70.2," (adjusted for inflation, 2023 dollars)",,$70.2M,$819.6B,,$819604.4B,0
"Adjusted for Inflation, 2023 Dollars",Ringtones & Ringbacks,Value (Adjusted),2016,71.5," (adjusted for inflation, 2023 dollars)",,$71.5M,$819.6B,,$819604.4B,0
"Adjusted for Inflation, 2023 Dollars",Ringtones & Ringbacks,Value (Adjusted),2017,44.1," (adjusted for inflation, 2023 dollars)",,$44.1M,$819.6B,,$819604.4B,0
"Adjusted for Inflation, 2023 Dollars",Ringtones & Ringbacks,Value (Adjusted),2018,30.3," (adjusted for inflation, 2023 dollars)",,$30.3M,$819.6B,,$819604.4B,0
"Adjusted for Inflation, 2023 Dollars",Ringtones & Ringbacks,Value (Adjusted),2019,24.6," (adjusted for inflation, 2023 dollars)",,$24.6M,$819.6B,,$819604.4B,0
"Adjusted for Inflation, 2023 Dollars",Ringtones & Ringbacks,Value (Adjusted),2020,23.8," (adjusted for inflation, 2023 dollars)",,$23.8M,$819.6B,,$819604.4B,0
"Adjusted for Inflation, 2023 Dollars",Ringtones & Ringbacks,Value (Adjusted),2021,17.6," (adjusted for inflation, 2023 dollars)",,$17.6M,$819.6B,,$819604.4B,0
"Adjusted for Inflation, 2023 Dollars",Ringtones & Ringbacks,Value (Adjusted),2022,11.5," (adjusted for inflation, 2023 dollars)",,$11.5M,$819.6B,,$819604.4B,0
"Adjusted for Inflation, 2023 Dollars",Ringtones & Ringbacks,Value (Adjusted),2023,10.5," (adjusted for inflation, 2023 dollars)",,$10.5M,$819.6B,,$819604.4B,0
"Adjusted for Inflation, 2023 Dollars",SACD,Value (Adjusted),2003,43.6," (adjusted for inflation, 2023 dollars)",,$43.6M,$819.6B,,$819604.4B,0
"Adjusted for Inflation, 2023 Dollars",SACD,Value (Adjusted),2004,26.8," (adjusted for inflation, 2023 dollars)",,$26.8M,$819.6B,,$819604.4B,0
"Adjusted for Inflation, 2023 Dollars",SACD,Value (Adjusted),2005,15.6," (adjusted for inflation, 2023 dollars)",,$15.6M,$819.6B,,$819604.4B,0
"Adjusted for Inflation, 2023 Dollars",SACD,Value (Adjusted),2006,8.3," (adjusted for inflation, 2023 dollars)",,$8.3M,$819.6B,,$819604.4B,0
"Adjusted for Inflation, 2023 Dollars",SACD,Value (Adjusted),2007,5.3," (adjusted for inflation, 2023 dollars)",,$5.3M,$819.6B,,$819604.4B,0
"Adjusted for Inflation, 2023 Dollars",SACD,Value (Adjusted),2008,4.4," (adjusted for inflation, 2023 dollars)",,$4.4M,$819.6B,,$819604.4B,0
"Adjusted for Inflation, 2023 Dollars",SACD,Value (Adjusted),2009,3.4," (adjusted for inflation, 2023 dollars)",,$3.4M,$819.6B,,$819604.4B,0
"Adjusted for Inflation, 2023 Dollars",SACD,Value (Adjusted),2010,2.4," (adjusted for inflation, 2023 dollars)",,$2.4M,$819.6B,,$819604.4B,0
"Adjusted for Inflation, 2023 Dollars",SACD,Value (Adjusted),2011,2," (adjusted for inflation, 2023 dollars)",,$2.0M,$819.6B,,$819604.4B,0
"Adjusted for Inflation, 2023 Dollars",SACD,Value (Adjusted),2012,1.8," (adjusted for inflation, 2023 dollars)",,$1.8M,$819.6B,,$819604.4B,0
"Adjusted for Inflation, 2023 Dollars",SACD,Value (Adjusted),2013,1.3," (adjusted for inflation, 2023 dollars)",,$1.3M,$819.6B,,$819604.4B,0
"Adjusted for Inflation, 2023 Dollars",SACD,Value (Adjusted),2014,1," (adjusted for inflation, 2023 dollars)",,$1.0M,$819.6B,,$819604.4B,0
"Adjusted for Inflation, 2023 Dollars",SACD,Value (Adjusted),2015,1.3," (adjusted for inflation, 2023 dollars)",,$1.3M,$819.6B,,$819604.4B,0
"Adjusted for Inflation, 2023 Dollars",SACD,Value (Adjusted),2016,1.5," (adjusted for inflation, 2023 dollars)",,$1.5M,$819.6B,,$819604.4B,0
"Adjusted for Inflation, 2023 Dollars",SACD,Value (Adjusted),2017,1.1," (adjusted for inflation, 2023 dollars)",,$1.1M,$819.6B,,$819604.4B,0
"Adjusted for Inflation, 2023 Dollars",SACD,Value (Adjusted),2018,1," (adjusted for inflation, 2023 dollars)",,$1.0M,$819.6B,,$819604.4B,0
"Adjusted for Inflation, 2023 Dollars",SACD,Value (Adjusted),2019,0.5," (adjusted for inflation, 2023 dollars)",,$0.5M,$819.6B,,$819604.4B,0
"Adjusted for Inflation, 2023 Dollars",SACD,Value (Adjusted),2020,0.3," (adjusted for inflation, 2023 dollars)",,$0.3M,$819.6B,,$819604.4B,0
"Adjusted for Inflation, 2023 Dollars",SACD,Value (Adjusted),2021,0.2," (adjusted for inflation, 2023 dollars)",,$0.2M,$819.6B,,$819604.4B,0
"Adjusted for Inflation, 2023 Dollars",SACD,Value (Adjusted),2022,0.2," (adjusted for inflation, 2023 dollars)",,$0.2M,$819.6B,,$819604.4B,0
"Adjusted for Inflation, 2023 Dollars",SoundExchange Distributions,Value (Adjusted),2004,11.1," (adjusted for inflation, 2023 dollars)",,$11.1M,$819.6B,,$819604.4B,0
"Adjusted for Inflation, 2023 Dollars",SoundExchange Distributions,Value (Adjusted),2005,31.8," (adjusted for inflation, 2023 dollars)",,$31.8M,$819.6B,,$819604.4B,0
"Adjusted for Inflation, 2023 Dollars",SoundExchange Distributions,Value (Adjusted),2006,49.6," (adjusted for inflation, 2023 dollars)",,$49.6M,$819.6B,,$819604.4B,0
"Adjusted for Inflation, 2023 Dollars",SoundExchange Distributions,Value (Adjusted),2007,53.2," (adjusted for inflation, 2023 dollars)",,$53.2M,$819.6B,,$819604.4B,0
"Adjusted for Inflation, 2023 Dollars",SoundExchange Distributions,Value (Adjusted),2008,141.5," (adjusted for inflation, 2023 dollars)",,$141.5M,$819.6B,,$819604.4B,0
"Adjusted for Inflation, 2023 Dollars",SoundExchange Distributions,Value (Adjusted),2009,220.9," (adjusted for inflation, 2023 dollars)",,$220.9M,$819.6B,,$819604.4B,0
"Adjusted for Inflation, 2023 Dollars",SoundExchange Distributions,Value (Adjusted),2010,348.2," (adjusted for inflation, 2023 dollars)",,$348.2M,$819.6B,,$819604.4B,0
"Adjusted for Inflation, 2023 Dollars",SoundExchange Distributions,Value (Adjusted),2011,395.5," (adjusted for inflation, 2023 dollars)",,$395.5M,$819.6B,,$819604.4B,0
"Adjusted for Inflation, 2023 Dollars",SoundExchange Distributions,Value (Adjusted),2012,613.1," (adjusted for inflation, 2023 dollars)",,$613.1M,$819.6B,,$819604.4B,0
"Adjusted for Inflation, 2023 Dollars",SoundExchange Distributions,Value (Adjusted),2013,772.2," (adjusted for inflation, 2023 dollars)",,$772.2M,$819.6B,,$819604.4B,0
"Adjusted for Inflation, 2023 Dollars",SoundExchange Distributions,Value (Adjusted),2014,995.4," (adjusted for inflation, 2023 dollars)",,$995.4M,$819.6B,,$819604.4B,0
"Adjusted for Inflation, 2023 Dollars",SoundExchange Distributions,Value (Adjusted),2015,1031.8," (adjusted for inflation, 2023 dollars)",$1.0B,,$819.6B,,$819604.4B,0
"Adjusted for Inflation, 2023 Dollars",SoundExchange Distributions,Value (Adjusted),2016,1122.2," (adjusted for inflation, 2023 dollars)",$1.1B,,$819.6B,,$819604.4B,0
"Adjusted for Inflation, 2023 Dollars",SoundExchange Distributions,Value (Adjusted),2017,810.5," (adjusted for inflation, 2023 dollars)",,$810.5M,$819.6B,,$819604.4B,0
"Adjusted for Inflation, 2023 Dollars",SoundExchange Distributions,Value (Adjusted),2018,1156.2," (adjusted for inflation, 2023 dollars)",$1.2B,,$819.6B,,$819604.4B,0
"Adjusted for Inflation, 2023 Dollars",SoundExchange Distributions,Value (Adjusted),2019,1082.4," (adjusted for inflation, 2023 dollars)",$1.1B,,$819.6B,,$819604.4B,0
"Adjusted for Inflation, 2023 Dollars",SoundExchange Distributions,Value (Adjusted),2020,1115.4," (adjusted for inflation, 2023 dollars)",$1.1B,,$819.6B,,$819604.4B,0
"Adjusted for Inflation, 2023 Dollars",SoundExchange Distributions,Value (Adjusted),2021,1116.1," (adjusted for inflation, 2023 dollars)",$1.1B,,$819.6B,,$819604.4B,0
"Adjusted for Inflation, 2023 Dollars",SoundExchange Distributions,Value (Adjusted),2022,998.9," (adjusted for inflation, 2023 dollars)",,$998.9M,$819.6B,,$819604.4B,0
"Adjusted for Inflation, 2023 Dollars",SoundExchange Distributions,Value (Adjusted),2023,1004.8," (adjusted for inflation, 2023 dollars)",$1.0B,,$819.6B,,$819604.4B,0
"Adjusted for Inflation, 2023 Dollars",Synchronization,Value (Adjusted),2009,285.8," (adjusted for inflation, 2023 dollars)",,$285.8M,$819.6B,,$819604.4B,0
"Adjusted for Inflation, 2023 Dollars",Synchronization,Value (Adjusted),2010,263.7," (adjusted for inflation, 2023 dollars)",,$263.7M,$819.6B,,$819604.4B,0
"Adjusted for Inflation, 2023 Dollars",Synchronization,Value (Adjusted),2011,266.2," (adjusted for inflation, 2023 dollars)",,$266.2M,$819.6B,,$819604.4B,0
"Adjusted for Inflation, 2023 Dollars",Synchronization,Value (Adjusted),2012,252.9," (adjusted for inflation, 2023 dollars)",,$252.9M,$819.6B,,$819604.4B,0
"Adjusted for Inflation, 2023 Dollars",Synchronization,Value (Adjusted),2013,248.1," (adjusted for inflation, 2023 dollars)",,$248.1M,$819.6B,,$819604.4B,0
"Adjusted for Inflation, 2023 Dollars",Synchronization,Value (Adjusted),2014,244.2," (adjusted for inflation, 2023 dollars)",,$244.2M,$819.6B,,$819604.4B,0
"Adjusted for Inflation, 2023 Dollars",Synchronization,Value (Adjusted),2015,260.9," (adjusted for inflation, 2023 dollars)",,$260.9M,$819.6B,,$819604.4B,0
"Adjusted for Inflation, 2023 Dollars",Synchronization,Value (Adjusted),2016,272.7," (adjusted for inflation, 2023 dollars)",,$272.7M,$819.6B,,$819604.4B,0
"Adjusted for Inflation, 2023 Dollars",Synchronization,Value (Adjusted),2017,288.5," (adjusted for inflation, 2023 dollars)",,$288.5M,$819.6B,,$819604.4B,0
"Adjusted for Inflation, 2023 Dollars",Synchronization,Value (Adjusted),2018,346.5," (adjusted for inflation, 2023 dollars)",,$346.5M,$819.6B,,$819604.4B,0
"Adjusted for Inflation, 2023 Dollars",Synchronization,Value (Adjusted),2019,335," (adjusted for inflation, 2023 dollars)",,$335.0M,$819.6B,,$819604.4B,0
"Adjusted for Inflation, 2023 Dollars",Synchronization,Value (Adjusted),2020,312.3," (adjusted for inflation, 2023 dollars)",,$312.3M,$819.6B,,$819604.4B,0
"Adjusted for Inflation, 2023 Dollars",Synchronization,Value (Adjusted),2021,344.7," (adjusted for inflation, 2023 dollars)",,$344.7M,$819.6B,,$819604.4B,0
"Adjusted for Inflation, 2023 Dollars",Synchronization,Value (Adjusted),2022,398.2," (adjusted for inflation, 2023 dollars)",,$398.2M,$819.6B,,$819604.4B,0
"Adjusted for Inflation, 2023 Dollars",Synchronization,Value (Adjusted),2023,410.9," (adjusted for inflation, 2023 dollars)",,$410.9M,$819.6B,,$819604.4B,0
"Adjusted for Inflation, 2023 Dollars",Vinyl Single,Value (Adjusted),1973,1303.9," (adjusted for inflation, 2023 dollars)",$1.3B,,$819.6B,,$819604.4B,0
"Adjusted for Inflation, 2023 Dollars",Vinyl Single,Value (Adjusted),1974,1199," (adjusted for inflation, 2023 dollars)",$1.2B,,$819.6B,,$819604.4B,0
"Adjusted for Inflation, 2023 Dollars",Vinyl Single,Value (Adjusted),1975,1197.9," (adjusted for inflation, 2023 dollars)",$1.2B,,$819.6B,,$819604.4B,0
"Adjusted for Inflation, 2023 Dollars",Vinyl Single,Value (Adjusted),1976,1312.5," (adjusted for inflation, 2023 dollars)",$1.3B,,$819.6B,,$819604.4B,0
"Adjusted for Inflation, 2023 Dollars",Vinyl Single,Value (Adjusted),1977,1232.4," (adjusted for inflation, 2023 dollars)",$1.2B,,$819.6B,,$819604.4B,0
"Adjusted for Inflation, 2023 Dollars",Vinyl Single,Value (Adjusted),1978,1216.5," (adjusted for inflation, 2023 dollars)",$1.2B,,$819.6B,,$819604.4B,0
"Adjusted for Inflation, 2023 Dollars",Vinyl Single,Value (Adjusted),1979,1484.1," (adjusted for inflation, 2023 dollars)",$1.5B,,$819.6B,,$819604.4B,0
"Adjusted for Inflation, 2023 Dollars",Vinyl Single,Value (Adjusted),1980,924.5," (adjusted for inflation, 2023 dollars)",,$924.5M,$819.6B,,$819604.4B,0
"Adjusted for Inflation, 2023 Dollars",Vinyl Single,Value (Adjusted),1981,859.5," (adjusted for inflation, 2023 dollars)",,$859.5M,$819.6B,,$819604.4B,0
"Adjusted for Inflation, 2023 Dollars",Vinyl Single,Value (Adjusted),1982,893.6," (adjusted for inflation, 2023 dollars)",,$893.6M,$819.6B,,$819604.4B,0
"Adjusted for Inflation, 2023 Dollars",Vinyl Single,Value (Adjusted),1983,823.9," (adjusted for inflation, 2023 dollars)",,$823.9M,$819.6B,,$819604.4B,0
"Adjusted for Inflation, 2023 Dollars",Vinyl Single,Value (Adjusted),1984,876," (adjusted for inflation, 2023 dollars)",,$876.0M,$819.6B,,$819604.4B,0
"Adjusted for Inflation, 2023 Dollars",Vinyl Single,Value (Adjusted),1985,795.7," (adjusted for inflation, 2023 dollars)",,$795.7M,$819.6B,,$819604.4B,0
"Adjusted for Inflation, 2023 Dollars",Vinyl Single,Value (Adjusted),1986,634.1," (adjusted for inflation, 2023 dollars)",,$634.1M,$819.6B,,$819604.4B,0
"Adjusted for Inflation, 2023 Dollars",Vinyl Single,Value (Adjusted),1987,545.3," (adjusted for inflation, 2023 dollars)",,$545.3M,$819.6B,,$819604.4B,0
"Adjusted for Inflation, 2023 Dollars",Vinyl Single,Value (Adjusted),1988,464.7," (adjusted for inflation, 2023 dollars)",,$464.7M,$819.6B,,$819604.4B,0
"Adjusted for Inflation, 2023 Dollars",Vinyl Single,Value (Adjusted),1989,286," (adjusted for inflation, 2023 dollars)",,$286.0M,$819.6B,,$819604.4B,0
"Adjusted for Inflation, 2023 Dollars",Vinyl Single,Value (Adjusted),1990,220.1," (adjusted for inflation, 2023 dollars)",,$220.1M,$819.6B,,$819604.4B,0
"Adjusted for Inflation, 2023 Dollars",Vinyl Single,Value (Adjusted),1991,143," (adjusted for inflation, 2023 dollars)",,$143.0M,$819.6B,,$819604.4B,0
"Adjusted for Inflation, 2023 Dollars",Vinyl Single,Value (Adjusted),1992,144.2," (adjusted for inflation, 2023 dollars)",,$144.2M,$819.6B,,$819604.4B,0
"Adjusted for Inflation, 2023 Dollars",Vinyl Single,Value (Adjusted),1993,108," (adjusted for inflation, 2023 dollars)",,$108.0M,$819.6B,,$819604.4B,0
"Adjusted for Inflation, 2023 Dollars",Vinyl Single,Value (Adjusted),1994,97," (adjusted for inflation, 2023 dollars)",,$97.0M,$819.6B,,$819604.4B,0
"Adjusted for Inflation, 2023 Dollars",Vinyl Single,Value (Adjusted),1995,93.4," (adjusted for inflation, 2023 dollars)",,$93.4M,$819.6B,,$819604.4B,0
"Adjusted for Inflation, 2023 Dollars",Vinyl Single,Value (Adjusted),1996,92.2," (adjusted for inflation, 2023 dollars)",,$92.2M,$819.6B,,$819604.4B,0
"Adjusted for Inflation, 2023 Dollars",Vinyl Single,Value (Adjusted),1997,67.6," (adjusted for inflation, 2023 dollars)",,$67.6M,$819.6B,,$819604.4B,0
"Adjusted for Inflation, 2023 Dollars",Vinyl Single,Value (Adjusted),1998,48," (adjusted for inflation, 2023 dollars)",,$48.0M,$819.6B,,$819604.4B,0
"Adjusted for Inflation, 2023 Dollars",Vinyl Single,Value (Adjusted),1999,51," (adjusted for inflation, 2023 dollars)",,$51.0M,$819.6B,,$819604.4B,0
"Adjusted for Inflation, 2023 Dollars",Vinyl Single,Value (Adjusted),2000,46.5," (adjusted for inflation, 2023 dollars)",,$46.5M,$819.6B,,$819604.4B,0
"Adjusted for Inflation, 2023 Dollars",Vinyl Single,Value (Adjusted),2001,54," (adjusted for inflation, 2023 dollars)",,$54.0M,$819.6B,,$819604.4B,0
"Adjusted for Inflation, 2023 Dollars",Vinyl Single,Value (Adjusted),2002,42.2," (adjusted for inflation, 2023 dollars)",,$42.2M,$819.6B,,$819604.4B,0
"Adjusted for Inflation, 2023 Dollars",Vinyl Single,Value (Adjusted),2003,35.6," (adjusted for inflation, 2023 dollars)",,$35.6M,$819.6B,,$819604.4B,0
"Adjusted for Inflation, 2023 Dollars",Vinyl Single,Value (Adjusted),2004,32.1," (adjusted for inflation, 2023 dollars)",,$32.1M,$819.6B,,$819604.4B,0
"Adjusted for Inflation, 2023 Dollars",Vinyl Single,Value (Adjusted),2005,20.6," (adjusted for inflation, 2023 dollars)",,$20.6M,$819.6B,,$819604.4B,0
"Adjusted for Inflation, 2023 Dollars",Vinyl Single,Value (Adjusted),2006,15," (adjusted for inflation, 2023 dollars)",,$15.0M,$819.6B,,$819604.4B,0
"Adjusted for Inflation, 2023 Dollars",Vinyl Single,Value (Adjusted),2007,5.9," (adjusted for inflation, 2023 dollars)",,$5.9M,$819.6B,,$819604.4B,0
"Adjusted for Inflation, 2023 Dollars",Vinyl Single,Value (Adjusted),2008,4.1," (adjusted for inflation, 2023 dollars)",,$4.1M,$819.6B,,$819604.4B,0
"Adjusted for Inflation, 2023 Dollars",Vinyl Single,Value (Adjusted),2009,3.6," (adjusted for inflation, 2023 dollars)",,$3.6M,$819.6B,,$819604.4B,0
"Adjusted for Inflation, 2023 Dollars",Vinyl Single,Value (Adjusted),2010,3.2," (adjusted for inflation, 2023 dollars)",,$3.2M,$819.6B,,$819604.4B,0
"Adjusted for Inflation, 2023 Dollars",Vinyl Single,Value (Adjusted),2011,6.2," (adjusted for inflation, 2023 dollars)",,$6.2M,$819.6B,,$819604.4B,0
"Adjusted for Inflation, 2023 Dollars",Vinyl Single,Value (Adjusted),2012,6.3," (adjusted for inflation, 2023 dollars)",,$6.3M,$819.6B,,$819604.4B,0
"Adjusted for Inflation, 2023 Dollars",Vinyl Single,Value (Adjusted),2013,3.9," (adjusted for inflation, 2023 dollars)",,$3.9M,$819.6B,,$819604.4B,0
"Adjusted for Inflation, 2023 Dollars",Vinyl Single,Value (Adjusted),2014,7.1," (adjusted for inflation, 2023 dollars)",,$7.1M,$819.6B,,$819604.4B,0
"Adjusted for Inflation, 2023 Dollars",Vinyl Single,Value (Adjusted),2015,7.4," (adjusted for inflation, 2023 dollars)",,$7.4M,$819.6B,,$819604.4B,0
"Adjusted for Inflation, 2023 Dollars",Vinyl Single,Value (Adjusted),2016,6.2," (adjusted for inflation, 2023 dollars)",,$6.2M,$819.6B,,$819604.4B,0
"Adjusted for Inflation, 2023 Dollars",Vinyl Single,Value (Adjusted),2017,7.6," (adjusted for inflation, 2023 dollars)",,$7.6M,$819.6B,,$819604.4B,0
"Adjusted for Inflation, 2023 Dollars",Vinyl Single,Value (Adjusted),2018,6.9," (adjusted for inflation, 2023 dollars)",,$6.9M,$819.6B,,$819604.4B,0
"Adjusted for Inflation, 2023 Dollars",Vinyl Single,Value (Adjusted),2019,8," (adjusted for inflation, 2023 dollars)",,$8.0M,$819.6B,,$819604.4B,0
"Adjusted for Inflation, 2023 Dollars",Vinyl Single,Value (Adjusted),2020,7.4," (adjusted for inflation, 2023 dollars)",,$7.4M,$819.6B,,$819604.4B,0
"Adjusted for Inflation, 2023 Dollars",Vinyl Single,Value (Adjusted),2021,8.9," (adjusted for inflation, 2023 dollars)",,$8.9M,$819.6B,,$819604.4B,0
"Adjusted for Inflation, 2023 Dollars",Vinyl Single,Value (Adjusted),2022,5.8," (adjusted for inflation, 2023 dollars)",,$5.8M,$819.6B,,$819604.4B,0
"Adjusted for Inflation, 2023 Dollars",Vinyl Single,Value (Adjusted),2023,8.4," (adjusted for inflation, 2023 dollars)",,$8.4M,$819.6B,,$819604.4B,0
